Workbook

Sheet Product Orientation
A1: Company Name | B1: TTK HEALTHCARE LTD | K1: Home | L1: Next Step >
A2: Innovator/Generic | B2: Innovator
A3: Brand Name | B3: VIRILEX
A4: Drug Class
C7: Ingredients | H7: Doses & Duration of Treatment
C8: Add details of main ingredients | H8: Provide details of typical dosage and duration of treatment, by clicking on the sub heading link
H10: =CONCATENATE(C101," ",D101," for ",I103," ",J103,"."," Total treatment cost is ",E103," ",ROUND(F103,0)," (",E101," ",ROUND(F101,0)," ",H101," or ",E102," ",ROUND(F102,0)," ",H102) -> 3 per day for 45 days. Total treatment cost is INR 3602 (INR 80 per day or INR 2401 per month
C12: Use | H12: MRP
C13: Describe use of the drug | H13: Provide MRP of drug
C16: Key Ingredient | D16: (Name) | H16: Other Ingredients
C17: (Mechanism of Action)
C19: Pack | H19: Last Year Sales
C20: =A106&" "&B106&" and "&A107&" "&B107 -> 10 tabs and 20 tabs | H20: Enter previous year sales
A100: < Back | C100: Dosage | F100: Cost to user
A101: Per Day | C101: 3 | D101: per day | E101: =E102 -> INR | F101: =E106*C101 -> 80.043 | H101: per day
A102: How many months? | B102: 1.5 | C102: =(B102*30)*C101 -> 135 | D102: tablets | E102: =E103 -> INR | F102: =(C102/B102)*E106 -> 2401.29 | H102: per month
A103: How many years? | B103: 0 | C103: =B103*365*C101 -> 0 | D103: tablets | E103: =D106 -> INR | F103: =C102*E106 -> 3601.935 | H103: Total | I103: =B102*30 -> 45 | J103: days
A105: Pack type | C105: MRP
A106: 10 | B106: tabs | C106: 266.81 | D106: INR | E106: =C106/A106 -> 26.681
A107: 20 | B107: tabs | C107: 577 | D107: INR | E107: =C107/A107 -> 28.85

Sheet Environment Understanding
A1: Environmental Understanding
A2: Macro | B2: Population of India | C2: =ROUND((B58/10^9),2)&" Bn ("&ROUND((((B58-C58)/C58)*100),1)&"%)" -> 1.44 Bn (0.7%) | D2: Urban | E2: =D58 -> 0.368 | F2: Rural | G2: =E58 -> 0.632 | H2: Disease Burden | I2: High | J2: Is the country attractive to do business in? | AA2: =D59 -> Yes | AB2: {=_xlfn.IFS(E2<30%,"Low",E2<60%,"Medium",E2>60%,"High")} -> Medium | AC2: =I2 -> High | AE2: =IF(AA2="Yes",1,0) -> 1 | AF2: {=_xlfn.IFS(AB2="Low",0,AB2="Medium",0.5,AB2="High",1)} -> 0.5 | AG2: {=_xlfn.IFS(AC2="Low to none",0,AC2="moderate",0.5,AC2="High",1)} -> 1
B3: GDP (GR%) | C3: ="$"&F58&" Tr ("&ROUND(((F58-G58)/G58)*100,1)&"%)" -> $27.36 Tr (7.3%) | D3: GNI per Capita | E3: =H58 -> 8230 | AA3: =D59 -> Yes | AB3: =H60 -> No | AE3: =IF(AA3="Yes",1,0) -> 1 | AF3: =IF(AB3="Yes",1,0) -> 0 | AI3: =SUM(AE2:AG5) -> 7
B4: IP (Patent) | C4: Strong | D4: Reimbursed | E4: Out of Pocket | F4: Private Insurance | G4: >30% | AA4: =C4 -> Strong | AB4: =E4 -> Out of Pocket | AC4: =G4 -> >30% | AE4: {=_xlfn.IFS(AA4="Weak",0,AA4="moderate",0.5,AA4="Strong",1)} -> 1 | AF4: {=_xlfn.IFS(AB4="out of pocket",0,AB4="partial",0.5,AB4="full",1)} -> 0 | AG4: {=_xlfn.IFS(AC4="<30%",0,AC4=30%,0.5,AC4=">30%",1)} -> 1
B5: Indian Pharma Market | C5: ="$"&I58&" Bn ("&TEXT(J58,"0.0%")&")" -> $54.6 Bn (12.3%) | D5: Innovator vs Generic | E5: Balanced | J5: {=_xlfn.IFS(AI3>=6.5,"Yes",AI3<=6.5,"Moderate",AI3<5,"No")} -> Yes | AA5: =J60 -> Yes | AB5: {=_xlfn.IFS(E5="Innovators Dominate","Innovator",E5="Generics Dominate","Generic",E5="Balanced","Balanced")} -> Balanced | AC5: ='Product Orientation'!B2 -> Innovator | AE5: =IF(AA5="Yes",1,0) -> 1 | AF5: =IF(AB5="Balanced",0.5,IF(AB5=AC5,1,0)) -> 0.5
A6: Market | B6: Market Attractiveness | J6: Is the industry attractive to do business in?
B7: Category Size | C7: Moderate | D7: Regulatory Challenges | E7: Low to none
B8: Category Growth | C8: Low to none | D8: Product Life cycle | E8: High
B9: Competitive Intensity | C9: Low to none | J9: {=_xlfn.IFS((COUNTIF(C7:E9,"High")*5)+(COUNTIF(C7:E9,"MODERATE")*3)+COUNTIF(C7:E9,"LOW TO NONE")<12,"No",(COUNTIF(C7:E9,"High")*5)+(COUNTIF(C7:E9,"MODERATE")*3)+COUNTIF(C7:E9,"LOW TO NONE")>18,"Yes",(COUNTIF(C7:E9,"High")*5)+(COUNTIF(C7:E9,"MODERATE")*3)+COUNTIF(C7:E9,"LOW TO NONE")>12,"Moderate")} -> No
A10: Represented Market | B10: Market Size & Growth | C10: =ROUND('Top Brand'!J19,1)&" Cr "&TEXT('Top Brand'!T34,"0%")&"GR" -> 139.3 Cr 8%GR | F10: Key Brands, Market Share & Growth | G10: ='Contested Cat.'!P37&CHAR(10)&'Contested Cat.'!P38&CHAR(10)&'Contested Cat.'!P39 -> TENTEX FORTE (HIMALAYA) ~25Cr ~7% GR ~18% MS CONFIDO (HIMALAYA) ~21Cr ~4% GR ~15% MS ADDYZOA (CHARAK) ~13Cr ~6% GR ~9% MS | J10: Is the represented market attractive to do business in? | AA10: {=_xlfn.IFS('AWACS input'!D3>500,"Medium",'AWACS input'!D3>1000,"High",'AWACS input'!D3<500,"Low")} -> Low | AB10: =IF('AWACS input'!D4>'Environment Understanding'!J58,"Yes","No") -> No | AE10: {=_xlfn.IFS(AA10="High",5,AA10="Medium",3,AA10="Low",1)} -> 1 | AF10: =IF(AB10="Yes",1,0) -> 0 | AH10: =SUM(AE10:AF11) -> 7
B11: Key Players, Market Share & Growth | C11: ='Top Brand'!L45&CHAR(10)&'Top Brand'!L46&CHAR(10)&'Top Brand'!L47 -> HIMALAYA ~63.4Cr ~2%GR ~45%MS CHARAK ~20.2Cr ~5%GR ~15%MS SANZYME ~9.6Cr ~33%GR ~7%MS | AA11: {=_xlfn.IFS(D13="monopoly",0,D13="Oligopoly",1,D13="Fragmented",3)} -> 1 | AB11: {=_xlfn.IFS(G13="policy has brand name",5,G13="policy has molecule",3,G13="No policy",1,G13="policy favours other molecule",0)} -> 5 | AE11: =AA11 -> 1 | AF11: =AB11 -> 5
F12: Total No. of Brands | G12: ='Contested Cat.'!P11 -> ~42 Brands
B13: Total No. of Companies | C13: ='AWACS input'!D6 -> 27 | D13: ='Top Brand'!I49 -> Oligopoly | F13: Influence of National Policies | G13: Policy has Brand Name | J13: {=_xlfn.IFS(AH10>8,"Yes",AH10>6,"Moderate",AH10<6,"No")} -> Moderate
A14: Competing Capability | B14: Clinical Evidence/Endorsements | D14: Product Design-Uniqueness/Superiority | F14: Business Strength | J14: Is the brand attractive to do business?
B15: Publication | C15: Moderate | D15: Ingredient | E15: High | F15: Product Strength | G15: High
B16: Patents | C16: Moderate | D16: Claims | E16: High | F16: Manufacturing & Development Capability | G16: High
B17: Trials | C17: High | D17: Delivery Technology | E17: High | F17: Channel Strength | G17: High
B18: Medical Societies | C18: High | D18: Format | E18: High | J18: {=_xlfn.IFS((COUNTIF(C15:G19,"High")*5)+(COUNTIF(C15:G19,"MODERATE")*3)+COUNTIF(C15:G19,"LOW TO NONE")<22,"No",(COUNTIF(C15:G19,"High")*5)+(COUNTIF(C15:G19,"MODERATE")*3)+COUNTIF(C15:G19,"LOW TO NONE")>44,"Yes",(COUNTIF(C15:G19,"High")*5)+(COUNTIF(C15:G19,"MODERATE")*3)+COUNTIF(C15:G19,"LOW TO NONE")>22,"Moderate")} -> Yes
B20: * The above data has been taken as of April 2024 | H20: < Previous Step | I20: Home | J20: Next Step >
B55: < Back
A56: Macro
A57: Country | B57: Population 2024 | C57: Population 2023 | D57: Urban 2024 | E57: Rural 2024 | F57: GDP 2023 ($ Tr) | G57: GDP 2022 ($ Tr) | H57: GNI per capita | I57: Pharma market size 2023 (Bn) | J57: GR | K57: Ease of Business Index 2023 | L57: Private Hospitals | M57: Public Hospitals | N57: IP (Patent) | O57: Reimbursed | P57: Private Insurance | Q57: IP (Patent)
A58: India | B58: 1439240390 | C58: 1428675850 | D58: 0.368 | E58: =100%-D58 -> 0.632 | F58: 27.36 | G58: 25.5 | H58: 8230 | I58: 54.6 | J58: 0.123 | K58: 0.744
A59: China | B59: -0.0001 | C59: =(B58-C58)/C58 -> 0.0073946375 | D59: =IF(C59>B59,"Yes","No") -> Yes | F59: =(F58-G58)/G58 -> 0.072941176 | G59: =IF(F59>6%,"Yes","No") -> Yes | H59: 21250 | I59: 246 | J59: 0.084
H60: =IF(H58>H59,"Yes","No") -> No | J60: =IF(J58>J59,"Yes","No") -> Yes

Sheet Market Definition
A1: Market Definition
B2: Data | C2: Definition
A3: Market Definition | B3: ='AWACS input'!B9 -> SEX TONICS & STIMULANTS | V3X2 | C3: Market definition can also be described as category definition e.g. Type 2 Diabetes oral market/Acid peptic disorder, choice is to be made by what you feel that product, molecule from the same or different class compete with one another
A4: Market Size | B4: ="~"&ROUND('AWACS input'!D3,0)&" Cr Growth Rate "&TEXT('AWACS input'!D4,"0%") -> ~139 Cr Growth Rate 8% | C4: What is the size (AWACS) Growth MAT XXX
A5: Molecule, Drug Class | B5: ='Product Orientation'!D16 -> (Name) | C5: • Key molecules and drug classes
A6: Physician Universe | B6: =CONCATENATE(Segmentation!A2,CHAR(10),Segmentation!A3,CHAR(10),Segmentation!A4) -> Cardiologist | C6: • Which are the top most specialities in the market in terms of total prescriptions as welll as PD ration
A7: Patient Universe | B7: ='Patient Funnel'!D2*10^6 -> 2000000000 | C7: What is the actual universe of patients living with disease mentioned
A8: Key Players [Brands, Company, Market Share] | B8: ="#1 "&'Contested Cat.'!P37&CHAR(10)&"#2 "&'Contested Cat.'!P38&CHAR(10)&"#3 "&'Contested Cat.'!P39 -> #1 TENTEX FORTE (HIMALAYA) ~25Cr ~7% GR ~18% MS #2 CONFIDO (HIMALAYA) ~21Cr ~4% GR ~15% MS #3 ADDYZOA (CHARAK) ~13Cr ~6% GR ~9% MS | C8: • What are the main brands and their companies

Sheet Patient Funnel
A1: Filter Level | B1: Description | D1: Nos. (in Mn) | E1: %
A2: 1 | B2: No. of patients living with the disease | D2: 2000
A3: 2 | B3: No. of patients diagnosed with the disease | C3: =($D$2-D3)/2 -> 200 | D3: =D2*E3 -> 1600 | E3: 0.8
A4: 3 | B4: No. of Patients treated | C4: =($D$2-D4)/2 -> 440 | D4: =D3*E4 -> 1120 | E4: 0.7
A5: 4 | B5: Target Patients | C5: =($D$2-D5)/2 -> 720 | D5: =D4*E5 -> 560 | E5: 0.5
S6: \

Sheet Patient Journey Mapping
B1: Patient Journey Map
A2: Disease burden & no. of patients living with defined disease No. or % of patients appear to HCPs with compelling symptoms or reasons | B2: Origination
A4: No. of patients diagnosed by HCPs deploying certain type of tests | B4: Diagnosis
A6: No. or % of patients are given specific treatment No. or % of patients are given specific treatment Treatment choices made as 1st line 2nd line | B6: Treatment & Class Choices | E6: AWACS Data, surgical, pharma, other - then check classes
A8: No. or % of patients receiving choice brand vs. other brands | B8: Brand Choice
A10: No. or % of pharmacies honoring and patient buying No. or % of patients adhering to choice brand | B10: Access
C12: Make input areas for diagnosis types, and treament+Class choice

Sheet Leverage Point
C1: Y/N | D1: Leakage %
A2: Market Expansion | B2: Origination | C2: N | D2: 0.9 | Y2: =IF(L8="NO","NO",IF(C2="Y","YES",C2)) -> N
B3: Diagnosis | C3: N | D3: 0.5 | Y3: =IF(L9="NO","NO",IF(C3="Y","YES",C3)) -> N
B4: Treatment Choice | C4: Y | D4: 0.5 | Y4: =IF(L10="NO","NO",IF(C4="Y","YES",C4)) -> YES
A5: Share Penetration | B5: Class Choice | C5: N | D5: 0.25 | Y5: =IF(L10="No",IF(Y6="Yes","No","Yes"),IF(C5="Y","YES",C5)) -> N
B6: Brand Choice | C6: Y | D6: 0.5 | Y6: =IF(L10="NO",IF(D6<45%,"Yes","No"),IF(C6="Y","YES",C6)) -> YES
A7: Share Expansion | B7: Fulfilment | C7: N | D7: 0.9 | Y7: =IF(L10="NO",IF(Y6="Yes","Yes","No"),IF(C7="Y","YES",C7)) -> N
B8: Adherence | C8: N | D8: 0.6 | Y8: =IF(L10="NO",IF(Y6="Yes","Yes","No"),IF(C8="Y","YES",C8)) -> N
A10: Qualitative approach to identify your leverage point from patients' journey mapping | K10: User Option | L10: Yes
A11: #1 | B11: Can we distinctively identify the biggest bottle necks?
A12: #2 | B12: What is the current behaviour? Can we change this behaviour? | J12: if brand choice is below 45 then brand choice, full and adherace
A13: #3 | B13: Would that desired behaviour drive significant volume for class/franchise? | J13: If above 50, then class choice
A14: #4 | B14: Would it disproportionately drive prescription for our product vs competition? | J14: Give option for user choice also, max 3
A15: #5 | B15: Would driving this behaviour be achieved at the desired cost?

Sheet KSH
B1: Type | C1: % Influence | D1: Drivers & Barriers | E1: Drivers & Barriers
A2: Patients | B2: Infertile Women | C2: 0.2 | AA2: =MAX(100%,C2)-C2 -> 0.8
A3: Professionals | B3: Gynecologists | C3: 0.2 | AA3: =MAX(100%,C3)-C3 -> 0.8
A4: Providers/Hospitals | B4: Pharmacies | C4: 0.25 | AA4: =MAX(100%,C4)-C4 -> 0.75
A5: Payer/Self-Pay Families | B5: Insurance | C5: 0.25 | AA5: =MAX(100%,C5)-C5 -> 0.75
A6: Policy Makers | B6: Government | C6: 0.1 | AA6: =MAX(100%,C6)-C6 -> 0.9
C7: =SUM(C2:C6) -> 1

Sheet Contested Cat.
C3: Write take away here
D8: Segment | P8: Category
P9: ="~"&ROUND('AWACS input'!D3,0)&" Cr market GR "&TEXT('AWACS input'!D4,"0%") -> ~139 Cr market GR 8%
P10: =TEXT('AWACS input'!D2,"0%")&" CAGR over last "&'AWACS input'!E2&" years" -> 4% CAGR over last 5 years
P11: ="~"&'AWACS input'!D5&" Brands" -> ~42 Brands | W11: input for reach and physician reach
E13: doctor
E14: and
E15: coverage
O37: #1 | P37: ='Top Brand'!B8&" ("&_xlfn.TEXTBEFORE('Top Brand'!C8," ",1,,1)&") "&"~"&ROUND('Top Brand'!J8,0)&"Cr ~"&TEXT('Top Brand'!T25,"0%")&" GR ~"&TEXT('Top Brand'!K8,"0%")&" MS" -> TENTEX FORTE (HIMALAYA) ~25Cr ~7% GR ~18% MS | W37: =_xlfn.TEXTBEFORE(P37,"~") -> TENTEX FORTE (HIMALAYA)
O38: #2 | P38: ='Top Brand'!B9&" ("&_xlfn.TEXTBEFORE('Top Brand'!C9," ",1,,1)&") "&"~"&ROUND('Top Brand'!J9,0)&"Cr ~"&TEXT('Top Brand'!T26,"0%")&" GR ~"&TEXT('Top Brand'!K9,"0%")&" MS" -> CONFIDO (HIMALAYA) ~21Cr ~4% GR ~15% MS | W38: =_xlfn.TEXTBEFORE(P38,"~") -> CONFIDO (HIMALAYA)
O39: #3 | P39: ='Top Brand'!B10&" ("&_xlfn.TEXTBEFORE('Top Brand'!C10," ",1,,1)&") "&"~"&ROUND('Top Brand'!J10,0)&"Cr ~"&TEXT('Top Brand'!T27,"0%")&" GR ~"&TEXT('Top Brand'!K10,"0%")&" MS" -> ADDYZOA (CHARAK) ~13Cr ~6% GR ~9% MS | W39: =_xlfn.TEXTBEFORE(P39,"~") -> ADDYZOA (CHARAK)
O41: Brand | P41: ='Top Brand'!B6&" ("&_xlfn.TEXTBEFORE('Top Brand'!C6," ",1,,1)&") "&"~"&ROUND('Top Brand'!J6,0)&"Cr ~"&TEXT('Top Brand'!T33,"0%")&" growth ~"&TEXT('Top Brand'!K6,"0%")&" MS" -> VIRILEX (TTK) ~6Cr ~18% growth ~5% MS | W41: =_xlfn.TEXTBEFORE(P41,"~") -> VIRILEX (TTK)

Sheet Brand Wheel
C2: Features & Attributes | E2: Product Design 1 | K2: Supporting Evidence | Q2: Rational Benefits | S2: Patients 1
E3: Product Design 2 | S3: Patients 2 | AP3: =IF(F12="",C12,F12) -> Single Minded Proposition
E4: Product Design 3 | S4: Customers 1 | AP4: =IF(M7="",K7,M7) -> Key Customer Insight
E5: Clinical Data 1 | S5: Customers 2 | AP5: =IF(F13="",C13,F13) -> Brand essence
E6: Clinical Data 2
E7: Clinical Data 3 | K7: Key Customer Insight | Q7: Emotional Benefits | S7: Patients 1
E8: Endorsements 1 | S8: Patients 2
E9: Endorsements 2 | S9: Customers 1
E10: Endorsements 3 | S10: Customers 2
C12: Single Minded Proposition
C13: Brand essence
C16: Features & Attributes | Q16: Rational Benefits
C19: Product Design | Q19: Patients
C20: =IF(F2="","","- "&F2) | Q20: =IF(T2="","","- "&T2)
C21: =IF(F3="","","- "&F3) | Q21: =IF(T3="","","- "&T3)
C22: =IF(F4="","","- "&F4)
Q23: Customers
C24: Clinical Data | Q24: =IF(T4="","","- "&T4)
C25: =IF(F5="","","- "&F5) | Q25: =IF(T5="","","- "&T5)
C26: =IF(F6="","","- "&F6)
C27: =IF(F7="","","- "&F7)
C29: Endorsements
C30: =IF(F8="","","- "&F8)
C31: =IF(F9="","","- "&F9)
C32: =IF(F10="","","- "&F10)
C37: Supporting Evidence | Q37: Emotional Benefits
C40: =IF(M2="","","- "&M2) | Q40: Patients
Q41: =IF(T7="","","- "&T7)
Q42: =IF(T8="","","- "&T8)
Q44: Customers
Q45: =IF(T9="","","- "&T9)
Q46: =IF(T10="","","- "&T10)

Sheet Segmentation
A1: Select HCP | C1: Universe | D1: Coverage | E1: MMM % | F1: Tier 1 % | G1: Tier 2% | H1: Tier 3% | I1: Tier 4 & Below % | J1: MMM | K1: Tier 1 | L1: Tier 2 | M1: Tier 3 | N1: Tier 4 & Below
A2: Cardiologist | B2: HPL | C2: =IF(A2="","",_xlfn.XLOOKUP(A2,Tools!$A$2:$A$29,Tools!$B$2:$B$29)) -> 0 | J2: =IF(E2="","",$C2*E2) | K2: =IF(F2="","",$C2*F2) | L2: =IF(G2="","",$C2*G2) | M2: =IF(H2="","",$C2*H2) | N2: =IF(I2="","",$C2*I2)
B3: MPL | C3: =IF(A3="","",_xlfn.XLOOKUP(A3,Tools!$A$2:$A$29,Tools!$B$2:$B$29)) | J3: =IF(E3="","",$C3*E3) | K3: =IF(F3="","",$C3*F3) | L3: =IF(G3="","",$C3*G3) | M3: =IF(H3="","",$C3*H3) | N3: =IF(I3="","",$C3*I3)
B4: LPL | C4: =IF(A4="","",_xlfn.XLOOKUP(A4,Tools!$A$2:$A$29,Tools!$B$2:$B$29)) | J4: =IF(E4="","",$C4*E4) | K4: =IF(F4="","",$C4*F4) | L4: =IF(G4="","",$C4*G4) | M4: =IF(H4="","",$C4*H4) | N4: =IF(I4="","",$C4*I4)
A5: Not on List | J5: =IF(E5="","",$C5*E5) | K5: =IF(F5="","",$C5*F5) | L5: =IF(G5="","",$C5*G5) | M5: =IF(H5="","",$C5*H5) | N5: =IF(I5="","",$C5*I5)
E8: =IF(A2="","",IF(SUM(E2:I2)<>100%,"Total for row 2 needs to be 100%","")) -> Total for row 2 needs to be 100%
E9: =IF(A3="","",IF(SUM(E3:I3)<>100%,"Total for row 3 needs to be 100%",""))
E10: =IF(A4="","",IF(SUM(E4:I4)<>100%,"Total for row 4 needs to be 100%",""))
E11: =IF(SUM(E5:I5)=0,"",IF(SUM(E5:I5)<>100%,"Total for row 5 needs to be 100%",""))

Sheet SWOT
C5: Market Attractiveness Opportunities & Threats | L5: Competing Capabilities Strenghts & Weakness
T9: Pull data from relevant sources
D10: Market | M10: Market Share
M11: ='Contested Cat.'!P41 -> VIRILEX (TTK) ~6Cr ~18% growth ~5% MS
D18: Competitive Intensity | M18: Value Proposition or Differentiation
M19: =IF('Brand Wheel'!F12="","",'Brand Wheel'!F12)
D26: Customer/Consumer Engagements | M26: Customer/Consumer Engagements
D27: Comp data | M27: Comp data
T29: Comp data section
D37: - Market Size, Growth | M37: - Brand Share & growth
D38: - Patient universe, diagnosed & treated pool | M38: - Product design, clinical data or endorsements as key differentiator
D39: - Competitive Intensity # of players, top 3 leaders | M39: - Brand's value proposition, support program e.g. access
D40: - Customer/Consumer Engagement of key competitors FF size, key strength | M40: - Customer consumer engagement and FF size

Sheet Top Brand
B1: No. of Top Brands | C1: 10
B2: Home
A5: MAT VAL (in Crs.)
B6: ='Product Orientation'!B3 -> VIRILEX | C6: =_xlfn.XLOOKUP($B$6,'AWACS input'!$C$9:$C$66,'AWACS input'!D9:D66) -> TTK HEALTHCARE LTD | D6: =_xlfn.XLOOKUP($B$6,'AWACS input'!$C$9:$C$66,'AWACS input'!E9:E66) -> VIRILEX TABLET 20 | E6: =_xlfn.XLOOKUP($B$6,'AWACS input'!$C$9:$C$66,'AWACS input'!F9:F66) -> 375 | F6: =_xlfn.XLOOKUP($B$6,'AWACS input'!$C$9:$C$66,'AWACS input'!G9:G66) -> 5.6440445 | G6: =_xlfn.XLOOKUP($B$6,'AWACS input'!$C$9:$C$66,'AWACS input'!H9:H66) -> 5.5517663 | H6: =_xlfn.XLOOKUP($B$6,'AWACS input'!$C$9:$C$66,'AWACS input'!I9:I66) -> 5.3500679 | I6: =_xlfn.XLOOKUP($B$6,'AWACS input'!$C$9:$C$66,'AWACS input'!J9:J66) -> 5.3306099 | J6: =_xlfn.XLOOKUP($B$6,'AWACS input'!$C$9:$C$66,'AWACS input'!K9:K66) -> 6.2840625 | K6: =IF(J6="","",J6/$J$19) -> 0.045110489
B7: {=_xlfn._xlws.SORT(_xlfn._xlws.FILTER('AWACS input'!$C$8:$K$500,'AWACS input'!$K$8:$K$500>=LARGE('AWACS input'!$K$8:$K$500,'Top Brand'!$C$1)),9,-1)} -> BRAND | C7: COMPANY | D7: SKU | E7: PTR | F7: Sum of MAT VAL DEC 17 | G7: Sum of MAT VAL DEC 18 | H7: Sum of MAT VAL DEC 19 | I7: Sum of MAT VAL DEC 20 | J7: Sum of MAT VAL DEC 21 | K7: % | O7: Brand | P7: =RIGHT(F7,6) -> DEC 17 | Q7: =RIGHT(G7,6) -> DEC 18 | R7: =RIGHT(H7,6) -> DEC 19 | S7: =RIGHT(I7,6) -> DEC 20 | T7: =RIGHT(J7,6) -> DEC 21
A8: {=_xlfn.SEQUENCE(C1)} -> 1 | B8: TENTEX FORTE | C8: HIMALAYA DRUG COMPANY | D8: TENTEX FORTE TABLET 10 | E8: 55 | F8: 15.467838 | G8: 19.924983 | H8: 21.996633 | I8: 23.650366 | J8: 25.389485 | K8: =IF(J8="","",J8/$J$19) -> 0.18225982 | O8: =B8 -> TENTEX FORTE | P8: =F8 -> 15.467838 | Q8: =G8 -> 19.924983 | R8: =H8 -> 21.996633 | S8: =I8 -> 23.650366 | T8: =J8 -> 25.389485
A9: 2 | B9: CONFIDO | C9: HIMALAYA DRUG COMPANY | D9: CONFIDO TABLET 60 | E9: 96.24 | F9: 15.63728 | G9: 18.031377 | H9: 18.09849 | I9: 20.386765 | J9: 21.17662 | K9: =IF(J9="","",J9/$J$19) -> 0.15201754 | O9: =B9 -> CONFIDO | P9: =F9 -> 15.63728 | Q9: =G9 -> 18.031377 | R9: =H9 -> 18.09849 | S9: =I9 -> 20.386765 | T9: =J9 -> 21.17662
A10: 3 | B10: ADDYZOA | C10: CHARAK PHARMA PVT LTD | D10: ADDYZOA CAPSULE 20 | E10: 132.13 | F10: 10.837602 | G10: 11.946439 | H10: 11.564507 | I10: 12.296885 | J10: 13.049718 | K10: =IF(J10="","",J10/$J$19) -> 0.093678121 | O10: =B10 -> ADDYZOA | P10: =F10 -> 10.837602 | Q10: =G10 -> 11.946439 | R10: =H10 -> 11.564507 | S10: =I10 -> 12.296885 | T10: =J10 -> 13.049718
A11: 4 | B11: HIMCOLIN | C11: HIMALAYA DRUG COMPANY | D11: HIMCOLIN GEL 30 GM | E11: 120.31 | F11: 6.3444094 | G11: 10.231342 | H11: 12.178191 | I11: 10.320915 | J11: 9.6567242 | K11: =IF(J11="","",J11/$J$19) -> 0.069321327 | O11: =B11 -> HIMCOLIN | P11: =F11 -> 6.3444094 | Q11: =G11 -> 10.231342 | R11: =H11 -> 12.178191 | S11: =I11 -> 10.320915 | T11: =J11 -> 9.6567242
A12: 5 | B12: SIOTONE | C12: ALBERT DAVID | D12: SIOTONE CAPSULE 10 | E12: 117.14 | F12: 8.9375234 | G12: 8.32464 | H12: 8.236171 | I12: 6.394069 | J12: 7.7516612 | K12: =IF(J12="","",J12/$J$19) -> 0.055645727 | O12: =B12 -> SIOTONE | P12: =F12 -> 8.9375234 | Q12: =G12 -> 8.32464 | R12: =H12 -> 8.236171 | S12: =I12 -> 6.394069 | T12: =J12 -> 7.7516612
A13: 6 | B13: ENDOBLOC T | C13: CIPLA LTD. | D13: ENDOBLOC T KIT TABLET 10 | E13: 1359.6 | F13: 1.7859071 | G13: 3.8063685 | H13: 4.7201856 | I13: 6.3375272 | J13: 7.3298755 | K13: =IF(J13="","",J13/$J$19) -> 0.052617915
A14: 7 | B14: SPEMAN | C14: HIMALAYA DRUG COMPANY | D14: SPEMAN TABLET 60 | E14: 99.69 | F14: 8.9340506 | G14: 8.960424 | H14: 8.5660266 | I14: 8.0282692 | J14: 7.1490788 | K14: =IF(J14="","",J14/$J$19) -> 0.051320056
A15: 8 | B15: NANO LEO | C15: SANZYME LTD | D15: NANO LEO CAPSULE 15 | E15: 508.47 | F15: 5.1178064 | G15: 5.9034374 | H15: 6.209049 | I15: 4.4764274 | J15: 7.0084846 | K15: =IF(J15="","",J15/$J$19) -> 0.050310793
A16: 9 | B16: VIRILEX | C16: TTK HEALTHCARE LTD | D16: VIRILEX TABLET 20 | E16: 375 | F16: 5.6440445 | G16: 5.5517663 | H16: 5.3500679 | I16: 5.3306099 | J16: 6.2840625 | K16: =IF(J16="","",J16/$J$19) -> 0.045110489 | O16: Brand | P16: =F6 -> 5.6440445 | Q16: =G6 -> 5.5517663 | R16: =H6 -> 5.3500679 | S16: =I6 -> 5.3306099 | T16: =J6 -> 6.2840625
A17: 10 | B17: ERACT X | C17: ZYDUS CADILA - ZHL | D17: ERACT X SACHET 10 GM | E17: 62.24 | F17: 0 | G17: 1.5142289 | H17: 5.6595108 | I17: 5.6511347 | J17: 6.0488706 | K17: =IF(J17="","",J17/$J$19) -> 0.043422151 | O17: =A19 -> T | P17: =F19 -> 116.50501 | Q17: =G19 -> 128.72314 | R17: =H19 -> 136.04218 | S17: =I19 -> 129.27016 | T17: =J19 -> 139.3038
A19: T | F19: =_xlfn.XLOOKUP(F7,'AWACS input'!$8:$8,'AWACS input'!$7:$7) -> 116.50501 | G19: =_xlfn.XLOOKUP(G7,'AWACS input'!$8:$8,'AWACS input'!$7:$7) -> 128.72314 | H19: =_xlfn.XLOOKUP(H7,'AWACS input'!$8:$8,'AWACS input'!$7:$7) -> 136.04218 | I19: =_xlfn.XLOOKUP(I7,'AWACS input'!$8:$8,'AWACS input'!$7:$7) -> 129.27016 | J19: =_xlfn.XLOOKUP(J7,'AWACS input'!$8:$8,'AWACS input'!$7:$7) -> 139.3038
A23: MAT UNIT (in Crs.)
B24: =B6 -> VIRILEX | O24: Brand | Q24: =Q7 -> DEC 18 | R24: =R7 -> DEC 19 | S24: =S7 -> DEC 20 | T24: =T7 -> DEC 21
B25: {=_xlfn._xlws.SORT(_xlfn._xlws.FILTER(_xlfn._xlws.FILTER('AWACS input'!$C$8:$P$500,'AWACS input'!$P$8:$P$500>=LARGE('AWACS input'!$P$8:$P$500,'Top Brand'!$C$1)),{1,1,1,0,0,0,0,0,0,1,1,1,1,1}),8,-1)} -> BRAND | C25: COMPANY | D25: SKU | E25: Sum of MAT UNIT DEC 17 | F25: Sum of MAT UNIT DEC 18 | G25: Sum of MAT UNIT DEC 19 | H25: Sum of MAT UNIT DEC 20 | I25: Sum of MAT UNIT DEC 21 | K25: % | O25: =O8 -> TENTEX FORTE | Q25: =(Q8-P8)/P8 -> 0.28815566 | R25: =(R8-Q8)/Q8 -> 0.10397244 | S25: =(S8-R8)/R8 -> 0.07518119 | T25: =(T8-S8)/S8 -> 0.073534586
A26: {=_xlfn.SEQUENCE(C1)} -> 1 | B26: TENTEX FORTE | C26: HIMALAYA DRUG COMPANY | D26: TENTEX FORTE TABLET 10 | E26: 3847.717 | F26: 4786.984 | G26: 4922.048 | H26: 4981.354 | I26: 4786.463 | K26: =IF(I26="","",I26/$I$37) -> 0.34421202 | O26: =O9 -> CONFIDO | Q26: =(Q9-P9)/P9 -> 0.15310191 | R26: =(R9-Q9)/Q9 -> 0.0037219866 | S26: =(S9-R9)/R9 -> 0.12643457 | T26: =(T9-S9)/S9 -> 0.038743553
A27: 2 | B27: CONFIDO | C27: HIMALAYA DRUG COMPANY | D27: CONFIDO TABLET 60 | E27: 2106.101 | F27: 2384.472 | G27: 2208.768 | H27: 2280.909 | I27: 2233.203 | K27: =IF(I27="","",I27/$I$37) -> 0.16059778 | O27: =O10 -> ADDYZOA | Q27: =(Q10-P10)/P10 -> 0.10231388 | R27: =(R10-Q10)/Q10 -> -0.031970359 | S27: =(S10-R10)/R10 -> 0.063329773 | T27: =(T10-S10)/S10 -> 0.061221494
A28: 3 | B28: ADDYZOA | C28: CHARAK PHARMA PVT LTD | D28: ADDYZOA CAPSULE 20 | E28: 987.267 | F28: 1063.121 | G28: 971.048 | H28: 994.235 | I28: 1006.264 | K28: =IF(I28="","",I28/$I$37) -> 0.072364117 | O28: =O11 -> HIMCOLIN | Q28: =(Q11-P11)/P11 -> 0.61265473 | R28: =(R11-Q11)/Q11 -> 0.19028289 | S28: =(S11-R11)/R11 -> -0.15250837 | T28: =(T11-S11)/S11 -> -0.064353864
A29: 4 | B29: ERACT X | C29: ZYDUS CADILA - ZHL | D29: ERACT X SACHET 10 GM | E29: 0 | F29: 280.933 | G29: 1050.002 | H29: 1048.448 | I29: 991.467 | K29: =IF(I29="","",I29/$I$37) -> 0.07130001 | O29: =O12 -> SIOTONE | Q29: =(Q12-P12)/P12 -> -0.068574189 | R29: =(R12-Q12)/Q12 -> -0.010627366 | S29: =(S12-R12)/R12 -> -0.22366 | T29: =(T12-S12)/S12 -> 0.21232054
A30: 5 | B30: HIMCOLIN | C30: HIMALAYA DRUG COMPANY | D30: HIMCOLIN GEL 30 GM | E30: 665.234 | F30: 1063.107 | G30: 1188.086 | H30: 938.265 | I30: 821.656 | K30: =IF(I30="","",I30/$I$37) -> 0.059088282
A31: 6 | B31: SPEMAN | C31: HIMALAYA DRUG COMPANY | D31: SPEMAN TABLET 60 | E31: 1094.881 | F31: 1086.112 | G31: 996.861 | H31: 865.022 | I31: 735.431 | K31: =IF(I31="","",I31/$I$37) -> 0.052887527
A32: 7 | B32: SIOTONE | C32: ALBERT DAVID | D32: SIOTONE CAPSULE 10 | E32: 865.056 | F32: 832.464 | G32: 786.66 | H32: 581.279 | I32: 665.237 | K32: =IF(I32="","",I32/$I$37) -> 0.04783962
A33: 8 | B33: NEO | C33: CHARAK PHARMA PVT LTD | D33: NEO TABLET 75 | E33: 603.185 | F33: 625.205 | G33: 627.915 | H33: 574.183 | I33: 590.353 | K33: =IF(I33="","",I33/$I$37) -> 0.042454439 | O33: Brand | Q33: =(Q16-P16)/P16 -> -0.016349667 | R33: =(R16-Q16)/Q16 -> -0.036330489 | S33: =(S16-R16)/R16 -> -0.0036369604 | T33: =(T16-S16)/S16 -> 0.1788637
A34: 9 | B34: NANO LEO TOTAL | C34: SANZYME LTD | D34: NANO LEO TOTAL SACHET 3 GM | E34: 625.615 | F34: 713.165 | G34: 549.071 | H34: 365.851 | I34: 450.577 | K34: =IF(I34="","",I34/$I$37) -> 0.032402636 | O34: T | Q34: =(Q17-P17)/P17 -> 0.10487216 | R34: =(R17-Q17)/Q17 -> 0.056858811 | S34: =(S17-R17)/R17 -> -0.049778852 | T34: =(T17-S17)/S17 -> 0.077617594
A35: 10 | B35: SEMENTO | C35: AIMIL PHARMACEUTICAL (INDIA) | D35: SEMENTO CAPSULE 20 | E35: 0 | F35: 0 | G35: 97.345 | H35: 247.668 | I35: 239.452 | K35: =IF(I35="","",I35/$I$37) -> 0.017219867
A37: T | E37: =_xlfn.XLOOKUP(E25,'AWACS input'!$8:$8,'AWACS input'!$7:$7) -> 13509.862 | F37: =_xlfn.XLOOKUP(F25,'AWACS input'!$8:$8,'AWACS input'!$7:$7) -> 15218.667 | G37: =_xlfn.XLOOKUP(G25,'AWACS input'!$8:$8,'AWACS input'!$7:$7) -> 15416.961 | H37: =_xlfn.XLOOKUP(H25,'AWACS input'!$8:$8,'AWACS input'!$7:$7) -> 14219.935 | I37: =_xlfn.XLOOKUP(I25,'AWACS input'!$8:$8,'AWACS input'!$7:$7) -> 13905.566
B44: Row Labels | C44: Count of COMPANY | D44: Sum of Sum of MAT VAL DEC 20 | E44: Sum of Sum of MAT VAL DEC 21 | G44: =RIGHT(D44,10) -> VAL DEC 20 | H44: =RIGHT(E44,10) -> VAL DEC 21 | I44: GR | J44: MS
B45: HIMALAYA DRUG COMPANY | C45: 4 | D45: 62.386314 | E45: 63.371909 | F45: =B45 -> HIMALAYA DRUG COMPANY | G45: =GETPIVOTDATA("Sum of Sum of MAT VAL DEC 20",$B$44,"COMPANY",F45) -> 62.386314 | H45: =GETPIVOTDATA("Sum of Sum of MAT VAL DEC 21",$B$44,"COMPANY",F45) -> 63.371909 | I45: =(H45-G45)/H45 -> 0.015552544 | J45: =H45/$J$19 -> 0.45491874 | L45: =CONCATENATE(_xlfn.TEXTBEFORE(F45," ")," ~",ROUND(H45,1),"Cr ~",TEXT(I45,"0%"),"GR ~",TEXT(J45,"0%"),"MS") -> HIMALAYA ~63.4Cr ~2%GR ~45%MS
B46: CHARAK PHARMA PVT LTD | C46: 8 | D46: 19.160694 | E46: 20.202969 | F46: =B46 -> CHARAK PHARMA PVT LTD | G46: =GETPIVOTDATA("Sum of Sum of MAT VAL DEC 20",$B$44,"COMPANY",F46) -> 19.160694 | H46: =GETPIVOTDATA("Sum of Sum of MAT VAL DEC 21",$B$44,"COMPANY",F46) -> 20.202969 | I46: =(H46-G46)/H46 -> 0.051590184 | J46: =H46/$J$19 -> 0.14502813 | L46: =CONCATENATE(_xlfn.TEXTBEFORE(F46," ")," ~",ROUND(H46,1),"Cr ~",TEXT(I46,"0%"),"GR ~",TEXT(J46,"0%"),"MS") -> CHARAK ~20.2Cr ~5%GR ~15%MS
B47: SANZYME LTD | C47: 3 | D47: 6.4285078 | E47: 9.5847301 | F47: =B47 -> SANZYME LTD | G47: =GETPIVOTDATA("Sum of Sum of MAT VAL DEC 20",$B$44,"COMPANY",F47) -> 6.4285078 | H47: =GETPIVOTDATA("Sum of Sum of MAT VAL DEC 21",$B$44,"COMPANY",F47) -> 9.5847301 | I47: =(H47-G47)/H47 -> 0.32929694 | J47: =H47/$J$19 -> 0.068804513 | L47: =CONCATENATE(_xlfn.TEXTBEFORE(F47," ")," ~",ROUND(H47,1),"Cr ~",TEXT(I47,"0%"),"GR ~",TEXT(J47,"0%"),"MS") -> SANZYME ~9.6Cr ~33%GR ~7%MS
B48: ALBERT DAVID | C48: 1 | D48: 6.394069 | E48: 7.7516612
B49: CIPLA LTD. | C49: 1 | D49: 6.3375272 | E49: 7.3298755 | I49: {=_xlfn.IFS(J45>60%,"Monopoly",J49>65%,"Oligopoly",J49<65%,"Fragmented")} -> Oligopoly | J49: =SUM(J45:J48) -> 0.66875138
B50: ZYDUS CADILA - ZHL | C50: 3 | D50: 6.7651808 | E50: 7.0189128
B51: TTK HEALTHCARE LTD | C51: 4 | D51: 5.407012 | E51: 6.5596022
B52: AIMIL PHARMACEUTICAL (INDIA) | C52: 1 | D52: 4.017918 | E52: 4.1960721
B53: DABUR INDIA LTD. | C53: 6 | D53: 3.1625554 | E53: 3.7598094
B54: INNOVCARE LIFE SCIENCES PVT.LTD | C54: 2 | D54: 3.4936397 | E54: 3.630943
B55: MIDAS CARE PHARMACEUTICALS PVT LTD | C55: 1 | D55: 2.6047323 | E55: 2.3962072
B56: ZANDU PHARMACEUTICALS WORKS LTD | C56: 3 | D56: 1.0913403 | E56: 1.6857135
B57: VILCO LABORATORIES PVT. LTD | C57: 2 | D57: 0.73862427 | E57: 0.84980045
B58: UNIVERSAL NUTRISCIENCE PVT LTD | C58: 1 | D58: 0.42094329 | E58: 0.32688548
B59: MMC PHARMACEUTICALS LTD | C59: 1 | D59: 0.063096942 | E59: 0.26755081
B60: INDSWIFT LABORATORIES LTD. | C60: 1 | D60: 0.30009358 | E60: 0.21831199
B61: NEO VEDIC DRUG PHARMA | C61: 2 | D61: 0.22503304 | E61: 0.076077427
... B72: Grand Total | C72: 58 | D72: 129.27016 | E72: 139.3038

Sheet AWACS input
G1: ="20"&RIGHT(G8,2) -> 2017 | H1: ="20"&RIGHT(H8,2) -> 2018 | I1: ="20"&RIGHT(I8,2) -> 2019 | J1: ="20"&RIGHT(J8,2) -> 2020 | K1: ="20"&RIGHT(K8,2) -> 2021
B2: ='Product Orientation'!B1 -> TTK HEALTHCARE LTD | C2: Market CAGR | D2: =((K7/G7)^(1/COUNT(G7:K7)))-1 -> 0.036391098 | E2: =COUNT(G9:K9) -> 5 | F2: Years
B3: ='Product Orientation'!B3 -> VIRILEX | C3: Market Size | D3: =K7 -> 139.3038 | E3: Cr | G3: =_xlfn.XLOOKUP($B$3,$C$9:$C$600,G9:G600) -> 5.6440445 | H3: =_xlfn.XLOOKUP($B$3,$C$9:$C$600,H9:H600) -> 5.5517663 | I3: =_xlfn.XLOOKUP($B$3,$C$9:$C$600,I9:I600) -> 5.3500679 | J3: =_xlfn.XLOOKUP($B$3,$C$9:$C$600,J9:J600) -> 5.3306099 | K3: =_xlfn.XLOOKUP($B$3,$C$9:$C$600,K9:K600) -> 6.2840625
C4: Growth Rate | D4: =(K7-J7)/J7 -> 0.077617594
C5: No. of Brands | D5: {=SUMPRODUCT(1/COUNTIF(C9:C66,C9:C66))} -> 42
C6: No. of Companies | D6: {=SUMPRODUCT(1/COUNTIF(D9:D66,D9:D66))} -> 27
B7: Insert AWACS data below & remove all totals | C7: =IFERROR(_xlfn.XMATCH("Total",A9:A500,0,1),0) -> 0 | E7: Totals | G7: =SUBTOTAL(9,G9:G998) -> 116.50501 | H7: =SUBTOTAL(9,H9:H998) -> 128.72314 | I7: =SUBTOTAL(9,I9:I998) -> 136.04218 | J7: =SUBTOTAL(9,J9:J998) -> 129.27016 | K7: =SUBTOTAL(9,K9:K998) -> 139.3038 | L7: =SUBTOTAL(9,L9:L998) -> 13509.862 | M7: =SUBTOTAL(9,M9:M998) -> 15218.667 | N7: =SUBTOTAL(9,N9:N998) -> 15416.961 | ... CK7: =SUBTOTAL(9,CK9:CK998) -> 1347316
B8: SUBGROUP | C8: BRAND | D8: COMPANY | E8: SKU | F8: PTR | G8: Sum of MAT VAL DEC 17 | H8: Sum of MAT VAL DEC 18 | I8: Sum of MAT VAL DEC 19 | J8: Sum of MAT VAL DEC 20 | K8: Sum of MAT VAL DEC 21 | L8: Sum of MAT UNIT DEC 17 | M8: Sum of MAT UNIT DEC 18 | N8: Sum of MAT UNIT DEC 19 | O8: Sum of MAT UNIT DEC 20 | P8: Sum of MAT UNIT DEC 21 | Q8: Column1 | R8: Sum of SALES VALUE JAN-19 | S8: Sum of SALES VALUE FEB-19 | T8: Sum of SALES VALUE MAR-19 | U8: Sum of SALES VALUE APR-19 | V8: Sum of SALES VALUE MAY-19 | W8: Sum of SALES VALUE JUN-19 | X8: Sum of SALES VALUE JUL-19 | Y8: Sum of SALES VALUE AUG-19 | Z8: Sum of SALES VALUE SEP-19 | AA8: Sum of SALES VALUE OCT-19 | AB8: Sum of SALES VALUE NOV-19 | AC8: Sum of SALES VALUE DEC-19 | AD8: Sum of SALES VALUE JAN-20 | AE8: Sum of SALES VALUE FEB-20 | AF8: Sum of SALES VALUE MAR-20 | AG8: Sum of SALES VALUE APR-20 | AH8: Sum of SALES VALUE MAY-20 | AI8: Sum of SALES VALUE JUN-20 | AJ8: Sum of SALES VALUE JUL-20 | AK8: Sum of SALES VALUE AUG-20 | AL8: Sum of SALES VALUE SEP-20 | AM8: Sum of SALES VALUE OCT-20 | AN8: Sum of SALES VALUE NOV-20 | AO8: Sum of SALES VALUE DEC-20 | AP8: Sum of SALES VALUE JAN-21 | AQ8: Sum of SALES VALUE FEB-21 | AR8: Sum of SALES VALUE MAR-21 | AS8: Sum of SALES VALUE APR-21 | AT8: Sum of SALES VALUE MAY-21 | AU8: Sum of SALES VALUE JUN-21 | AV8: Sum of SALES VALUE JUL-21 | AW8: Sum of SALES VALUE AUG-21 | AX8: Sum of SALES VALUE SEP-21 | AY8: Sum of SALES VALUE OCT-21 | AZ8: Sum of SALES VALUE NOV-21 | BA8: Sum of SALES VALUE DEC-21 | BB8: Sum of SALES UNIT JAN-19 | BC8: Sum of SALES UNIT FEB-19 | BD8: Sum of SALES UNIT MAR-19 | BE8: Sum of SALES UNIT APR-19 | BF8: Sum of SALES UNIT MAY-19 | BG8: Sum of SALES UNIT JUN-19 | BH8: Sum of SALES UNIT JUL-19 | BI8: Sum of SALES UNIT AUG-19 | BJ8: Sum of SALES UNIT SEP-19 | BK8: Sum of SALES UNIT OCT-19 | BL8: Sum of SALES UNIT NOV-19 | BM8: Sum of SALES UNIT DEC-19 | BN8: Sum of SALES UNIT JAN-20 | BO8: Sum of SALES UNIT FEB-20 | BP8: Sum of SALES UNIT MAR-20 | BQ8: Sum of SALES UNIT APR-20 | BR8: Sum of SALES UNIT MAY-20 | BS8: Sum of SALES UNIT JUN-20 | BT8: Sum of SALES UNIT JUL-20 | BU8: Sum of SALES UNIT AUG-20 | BV8: Sum of SALES UNIT SEP-20 | BW8: Sum of SALES UNIT OCT-20 | BX8: Sum of SALES UNIT NOV-20 | BY8: Sum of SALES UNIT DEC-20 | BZ8: Sum of SALES UNIT JAN-21 | CA8: Sum of SALES UNIT FEB-21 | CB8: Sum of SALES UNIT MAR-21 | CC8: Sum of SALES UNIT APR-21 | CD8: Sum of SALES UNIT MAY-21 | CE8: Sum of SALES UNIT JUN-21 | CF8: Sum of SALES UNIT JUL-21 | CG8: Sum of SALES UNIT AUG-21 | CH8: Sum of SALES UNIT SEP-21 | CI8: Sum of SALES UNIT OCT-21 | CJ8: Sum of SALES UNIT NOV-21 | CK8: Sum of SALES UNIT DEC-21
A9: =RIGHT(B9,5) -> V3X2 | B9: SEX TONICS & STIMULANTS | V3X2 | C9: TENTEX FORTE | D9: HIMALAYA DRUG COMPANY | E9: TENTEX FORTE TABLET 10 | F9: 55 | G9: 15.467838 | H9: 19.924983 | I9: 21.996633 | J9: 23.650366 | K9: 25.389485 | L9: 3847.717 | M9: 4786.984 | N9: 4922.048 | O9: 4981.354 | P9: 4786.463 | R9: 22715972 | S9: 20052492 | T9: 15807836 | U9: 15621121 | V9: 14714182 | W9: 13004164 | X9: 13860335 | Y9: 23283401 | Z9: 22796995 | AA9: 15280226 | AB9: 17043381 | AC9: 25786219 | AD9: 23223471 | AE9: 18458087 | AF9: 16742728 | AG9: 14638730 | AH9: 15778548 | AI9: 18363314 | AJ9: 25927297 | AK9: 20998798 | AL9: 18466146 | AM9: 17872105 | AN9: 15925218 | AO9: 30109213 | AP9: 24370518 | AQ9: 22533874 | AR9: 18565466 | AS9: 18529885 | AT9: 15318820 | AU9: 26278450 | AV9: 29635485 | AW9: 19733340 | AX9: 18119475 | AY9: 16004890 | AZ9: 14179055 | BA9: 30625595 | BB9: 508301 | BC9: 448702 | BD9: 353722 | BE9: 349544 | BF9: 329250 | BG9: 290986 | BH9: 310144 | BI9: 520998 | BJ9: 510114 | BK9: 341916 | BL9: 381369 | BM9: 577002 | BN9: 519657 | BO9: 413025 | BP9: 347937 | BQ9: 304213 | BR9: 327900 | BS9: 381615 | BT9: 538805 | BU9: 436384 | BV9: 383752 | BW9: 371407 | BX9: 330948 | BY9: 625711 | BZ9: 506453 | CA9: 468285 | CB9: 385816 | CC9: 336907 | CD9: 278524 | CE9: 477790 | CF9: 538827 | CG9: 358788 | CH9: 329445 | CI9: 290998 | CJ9: 257801 | CK9: 556829
A10: =RIGHT(B10,5) -> V3X2 | B10: SEX TONICS & STIMULANTS | V3X2 | C10: CONFIDO | D10: HIMALAYA DRUG COMPANY | E10: CONFIDO TABLET 60 | F10: 96.24 | G10: 15.63728 | H10: 18.031377 | I10: 18.09849 | J10: 20.386765 | K10: 21.17662 | L10: 2106.101 | M10: 2384.472 | N10: 2208.768 | O10: 2280.909 | P10: 2233.203 | R10: 13612281 | S10: 13897372 | T10: 15390540 | U10: 19264740 | V10: 16122728 | W10: 13648635 | X10: 14749020 | Y10: 14245110 | Z10: 14125898 | AA10: 13549388 | AB10: 16501485 | AC10: 15877702 | AD10: 19968207 | AE10: 26340465 | AF10: 17055045 | AG10: 12854721 | AH10: 13991545 | AI10: 14510128 | AJ10: 13943101 | AK10: 18178373 | AL10: 17562097 | AM10: 16041654 | AN10: 15973457 | AO10: 17448853 | AP10: 21553898 | AQ10: 19582443 | AR10: 18377509 | AS10: 17842319 | AT10: 15617538 | AU10: 17289516 | AV10: 15877483 | AW10: 15265204 | AX10: 23162466 | AY10: 18132963 | AZ10: 14530604 | BA10: 14534261 | BB10: 180009 | BC10: 168453 | BD10: 186552 | BE10: 233512 | BF10: 195427 | BG10: 165438 | BH10: 178776 | BI10: 172668 | BJ10: 171223 | BK10: 164235 | BL10: 200018 | BM10: 192457 | BN10: 223408 | BO10: 294702 | BP10: 190815 | BQ10: 143821 | BR10: 156540 | BS10: 162342 | BT10: 155998 | BU10: 203383 | BV10: 196488 | BW10: 179477 | BX10: 178714 | BY10: 195221 | BZ10: 241149 | CA10: 219092 | CB10: 190955 | CC10: 185394 | CD10: 162277 | CE10: 179650 | CF10: 164978 | CG10: 158616 | CH10: 240674 | CI10: 188414 | CJ10: 150983 | CK10: 151021
A11: =RIGHT(B11,5) -> V3X2 | B11: SEX TONICS & STIMULANTS | V3X2 | C11: ADDYZOA | D11: CHARAK PHARMA PVT LTD | E11: ADDYZOA CAPSULE 20 | F11: 132.13 | G11: 10.837602 | H11: 11.946439 | I11: 11.564507 | J11: 12.296885 | K11: 13.049718 | L11: 987.267 | M11: 1063.121 | N11: 971.048 | O11: 994.235 | P11: 1006.264 | R11: 9851318 | S11: 8984650.1 | T11: 8524702.8 | U11: 9099665.8 | V11: 9328771.6 | W11: 8862445.8 | X11: 9900586.8 | Y11: 11292303 | Z11: 10739842 | AA11: 9979267 | AB11: 10281117 | AC11: 8800400.2 | AD11: 9663939.2 | AE11: 11600467 | AF11: 8316662.9 | AG11: 6111068.6 | AH11: 6248394.6 | AI11: 9548104.5 | AJ11: 10589524 | AK11: 10821679 | AL11: 11292195 | AM11: 13087906 | AN11: 12395556 | AO11: 13293348 | AP11: 12377123 | AQ11: 11724564 | AR11: 11907504 | AS11: 9940421.8 | AT11: 7293956.6 | AU11: 9316594.9 | AV11: 10726049 | AW11: 12906855 | AX11: 11437437 | AY11: 11025059 | AZ11: 9967358.7 | BA11: 11874259 | BB11: 85138 | BC11: 77648 | BD11: 73673 | BE11: 78642 | BF11: 80622 | BG11: 72990 | BH11: 81540 | BI11: 93002 | BJ11: 88452 | BK11: 82188 | BL11: 84674 | BM11: 72479 | BN11: 79591 | BO11: 95540 | BP11: 68495 | BQ11: 50330 | BR11: 51461 | BS11: 78637 | BT11: 87214 | BU11: 89126 | BV11: 88824 | BW11: 102949 | BX11: 97503 | BY11: 104565 | BZ11: 97358 | CA11: 92225 | CB11: 93664 | CC11: 78191 | CD11: 57374 | CE11: 73284 | CF11: 81178 | CG11: 97683 | CH11: 86562 | CI11: 83441 | CJ11: 75436 | CK11: 89868
A12: =RIGHT(B12,5) -> V3X2 | B12: SEX TONICS & STIMULANTS | V3X2 | C12: HIMCOLIN | D12: HIMALAYA DRUG COMPANY | E12: HIMCOLIN GEL 30 GM | F12: 120.31 | G12: 6.3444094 | H12: 10.231342 | I12: 12.178191 | J12: 10.320915 | K12: 9.6567242 | L12: 665.234 | M12: 1063.107 | N12: 1188.086 | O12: 938.265 | P12: 821.656 | R12: 10260724 | S12: 9748655.4 | T12: 8157204.5 | U12: 13178427 | V12: 11790328 | W12: 9385054.3 | X12: 9783510 | Y12: 8271358.3 | Z12: 8884613 | AA12: 9812280.5 | AB12: 11009297 | AC12: 11500458 | AD12: 13788500 | AE12: 12305810 | AF12: 8877330 | AG12: 6434230 | AH12: 6770170 | AI12: 7754340 | AJ12: 7034830 | AK12: 6675460 | AL12: 7338540 | AM12: 8561960 | AN12: 8043310 | AO12: 9624670 | AP12: 8775470 | AQ12: 8192470 | AR12: 7424010 | AS12: 7566897.5 | AT12: 6671670.7 | AU12: 8400284.8 | AV12: 8092050.6 | AW12: 7781049.2 | AX12: 7819789.1 | AY12: 9969488.2 | AZ12: 8014931.9 | BA12: 7859130.4 | BB12: 106616 | BC12: 94537 | BD12: 79104 | BE12: 127797 | BF12: 114336 | BG12: 91011 | BH12: 94875 | BI12: 80211 | BJ12: 86158 | BK12: 95154 | BL12: 106762 | BM12: 111525 | BN12: 125350 | BO12: 111871 | BP12: 80703 | BQ12: 58493 | BR12: 61547 | BS12: 70494 | BT12: 63953 | BU12: 60686 | BV12: 66714 | BW12: 77836 | BX12: 73121 | BY12: 87497 | BZ12: 79777 | CA12: 74477 | CB12: 67491 | CC12: 62895 | CD12: 55454 | CE12: 69822 | CF12: 67260 | CG12: 64675 | CH12: 64997 | CI12: 82865 | CJ12: 66619 | CK12: 65324
A13: =RIGHT(B13,5) -> V3X2 | B13: SEX TONICS & STIMULANTS | V3X2 | C13: SIOTONE | D13: ALBERT DAVID | E13: SIOTONE CAPSULE 10 | F13: 117.14 | G13: 8.9375234 | H13: 8.32464 | I13: 8.236171 | J13: 6.394069 | K13: 7.7516612 | L13: 865.056 | M13: 832.464 | N13: 786.66 | O13: 581.279 | P13: 665.237 | R13: 7222300 | S13: 6338900 | T13: 6818100 | U13: 7786300 | V13: 6793800 | W13: 6749500 | X13: 8159360 | Y13: 6590760 | Z13: 6938690 | AA13: 5927570 | AB13: 6614960 | AC13: 6421470 | AD13: 7158910 | AE13: 7149780 | AF13: 4779390 | AG13: 3546070 | AH13: 3964840 | AI13: 5220380 | AJ13: 5126330 | AK13: 5030300 | AL13: 5173630 | AM13: 5147230 | AN13: 5292980 | AO13: 6350850 | AP13: 6304980 | AQ13: 6652146.3 | AR13: 7400670.9 | AS13: 7217815.4 | AT13: 5598120.6 | AU13: 6044189.7 | AV13: 6243327.7 | AW13: 6273198.4 | AX13: 6037512.7 | AY13: 6308809 | AZ13: 6366324.7 | BA13: 7069516.1 | BB13: 72223 | BC13: 63389 | BD13: 68181 | BE13: 77863 | BF13: 67938 | BG13: 67495 | BH13: 74176 | BI13: 59916 | BJ13: 63079 | BK13: 53887 | BL13: 60136 | BM13: 58377 | BN13: 65081 | BO13: 64998 | BP13: 43449 | BQ13: 32237 | BR13: 36044 | BS13: 47458 | BT13: 46603 | BU13: 45730 | BV13: 47033 | BW13: 46793 | BX13: 48118 | BY13: 57735 | BZ13: 57318 | CA13: 56788 | CB13: 63178 | CC13: 61617 | CD13: 47790 | CE13: 51598 | CF13: 53298 | CG13: 53553 | CH13: 51541 | CI13: 53857 | CJ13: 54348 | CK13: 60351
A14: =RIGHT(B14,5) -> V3X2 | B14: SEX TONICS & STIMULANTS | V3X2 | C14: ENDOBLOC T | D14: CIPLA LTD. | E14: ENDOBLOC T KIT TABLET 10 | F14: 1359.6 | G14: 1.7859071 | H14: 3.8063685 | I14: 4.7201856 | J14: 6.3375272 | K14: 7.3298755 | L14: 14.996 | M14: 30.278 | N14: 36.166 | O14: 47.273 | P14: 53.912 | R14: 3625591.8 | S14: 3518734.9 | T14: 3600449 | U14: 4478760 | V14: 4274160 | W14: 4365240 | X14: 3986400 | Y14: 3486120 | Z14: 3462360 | AA14: 3626040 | AB14: 3891360 | AC14: 4886640 | AD14: 5109720 | AE14: 5252280 | AF14: 5228520 | AG14: 4778400 | AH14: 4650360 | AI14: 4884000 | AJ14: 5808211.2 | AK14: 4486680 | AL14: 5286124.8 | AM14: 5949609.6 | AN14: 5590675.2 | AO14: 6350691.6 | AP14: 5753827.2 | AQ14: 5785098 | AR14: 6561429.6 | AS14: 5781019.2 | AT14: 5500941.6 | AU14: 4810264.8 | AV14: 4738206 | AW14: 5095780.8 | AX14: 5862595.2 | AY14: 6789842.4 | AZ14: 7918310.4 | BA14: 8701440 | BB14: 2884 | BC14: 2799 | BD14: 2864 | BE14: 3393 | BF14: 3238 | BG14: 3307 | BH14: 3020 | BI14: 2641 | BJ14: 2623 | BK14: 2747 | BL14: 2948 | BM14: 3702 | BN14: 3871 | BO14: 3979 | BP14: 3961 | BQ14: 3620 | BR14: 3523 | BS14: 3700 | BT14: 4272 | BU14: 3300 | BV14: 3888 | BW14: 4376 | BX14: 4112 | BY14: 4671 | BZ14: 4232 | CA14: 4255 | CB14: 4826 | CC14: 4252 | CD14: 4046 | CE14: 3538 | CF14: 3485 | CG14: 3748 | CH14: 4312 | CI14: 4994 | CJ14: 5824 | CK14: 6400
A15: =RIGHT(B15,5) -> V3X2 | B15: SEX TONICS & STIMULANTS | V3X2 | C15: SPEMAN | D15: HIMALAYA DRUG COMPANY | E15: SPEMAN TABLET 60 | F15: 99.69 | G15: 8.9340506 | H15: 8.960424 | I15: 8.5660266 | J15: 8.0282692 | K15: 7.1490788 | L15: 1094.881 | M15: 1086.112 | N15: 996.861 | O15: 865.022 | P15: 735.431 | R15: 7738769.9 | S15: 7317798.8 | T15: 7047549 | U15: 7691852.1 | V15: 7252749.8 | W15: 7867235.2 | X15: 6652958.4 | Y15: 6434524.3 | Z15: 6328057.1 | AA15: 7365060.3 | AB15: 7567253.6 | AC15: 6396457.3 | AD15: 7698311.1 | AE15: 7884487.9 | AF15: 6227736.6 | AG15: 4205313.9 | AH15: 5070303.1 | AI15: 6114137.2 | AJ15: 6288620 | AK15: 7262382.5 | AL15: 7790100.2 | AM15: 7771723.8 | AN15: 6888451 | AO15: 7081124.6 | AP15: 6911653.5 | AQ15: 6265788.7 | AR15: 5634773.5 | AS15: 5797655.1 | AT15: 5384456.3 | AU15: 6283460.7 | AV15: 5933648.5 | AW15: 5865759.6 | AX15: 5696884.7 | AY15: 5951592.7 | AZ15: 4933259.3 | BA15: 6831855.4 | BB15: 90059 | BC15: 85160 | BD15: 82015 | BE15: 89513 | BF15: 84403 | BG15: 91554 | BH15: 77423 | BI15: 74881 | BJ15: 73642 | BK15: 85710 | BL15: 88063 | BM15: 74438 | BN15: 82947 | BO15: 84953 | BP15: 67102 | BQ15: 45311 | BR15: 54631 | BS15: 65878 | BT15: 67758 | BU15: 78250 | BV15: 83936 | BW15: 83738 | BX15: 74221 | BY15: 76297 | BZ15: 74471 | CA15: 67512 | CB15: 60713 | CC15: 62468 | CD15: 54012 | CE15: 63030 | CF15: 59521 | CG15: 58840 | CH15: 57146 | CI15: 59701 | CJ15: 49486 | CK15: 68531
A16: =RIGHT(B16,5) -> V3X2 | B16: SEX TONICS & STIMULANTS | V3X2 | C16: NANO LEO | D16: SANZYME LTD | E16: NANO LEO CAPSULE 15 | F16: 508.47 | G16: 5.1178064 | H16: 5.9034374 | I16: 6.209049 | J16: 4.4764274 | K16: 7.0084846 | L16: 127.128 | M16: 133.962 | N16: 140.897 | O16: 101.58 | P16: 139.022 | R16: 5875586.4 | S16: 5051514.8 | T16: 6255452.6 | U16: 5935078.2 | V16: 5879993.2 | W16: 5136566.1 | X16: 4550461.7 | Y16: 4709987.8 | Z16: 4553546.4 | AA16: 4154731 | AB16: 4726293 | AC16: 5261278.5 | AD16: 5548601.9 | AE16: 3877984 | AF16: 3385303.8 | AG16: 2239095.1 | AH16: 2712385.4 | AI16: 4234934.8 | AJ16: 3562897.8 | AK16: 4019001.6 | AL16: 3284388 | AM16: 3796898.9 | AN16: 3682322.1 | AO16: 4420461.1 | AP16: 3924255.4 | AQ16: 5960793.8 | AR16: 5964861.6 | AS16: 5625712.1 | AT16: 4475552.9 | AU16: 4971819.7 | AV16: 5371985.5 | AW16: 5848930.4 | AX16: 6052318.4 | AY16: 6440281 | AZ16: 6966547.5 | BA16: 8481788.1 | BB16: 13333 | BC16: 11463 | BD16: 14195 | BE16: 13468 | BF16: 13343 | BG16: 11656 | BH16: 10326 | BI16: 10688 | BJ16: 10333 | BK16: 9428 | BL16: 10725 | BM16: 11939 | BN16: 12591 | BO16: 8800 | BP16: 7682 | BQ16: 5081 | BR16: 6155 | BS16: 9610 | BT16: 8085 | BU16: 9120 | BV16: 7453 | BW16: 8616 | BX16: 8356 | BY16: 10031 | BZ16: 8905 | CA16: 11723 | CB16: 11731 | CC16: 11064 | CD16: 8802 | CE16: 9778 | CF16: 10565 | CG16: 11503 | CH16: 11903 | CI16: 12666 | CJ16: 13701 | CK16: 16681
A17: =RIGHT(B17,5) -> V3X2 | B17: SEX TONICS & STIMULANTS | V3X2 | C17: VIRILEX | D17: TTK HEALTHCARE LTD | E17: VIRILEX TABLET 20 | F17: 375 | G17: 5.6440445 | H17: 5.5517663 | I17: 5.3500679 | J17: 5.3306099 | K17: 6.2840625 | L17: 197.686 | M17: 178.68 | N17: 158.121 | O17: 143.436 | P17: 167.575 | R17: 4921335.7 | S17: 5233439 | T17: 4804603 | U17: 4441662.9 | V17: 4946637.8 | W17: 3621206.6 | X17: 3985853.8 | Y17: 3870109 | Z17: 4199589 | AA17: 3916202.1 | AB17: 4778654.3 | AC17: 4781385.7 | AD17: 4906349.1 | AE17: 4208250 | AF17: 3529125 | AG17: 2508375 | AH17: 3630750 | AI17: 4341375 | AJ17: 4280625 | AK17: 4537875 | AL17: 4610625 | AM17: 5217000 | AN17: 5371125 | AO17: 6164625 | AP17: 7264500 | AQ17: 7221750 | AR17: 7165875 | AS17: 4787250 | AT17: 4168500 | AU17: 4416750 | AV17: 4813125 | AW17: 4403625 | AX17: 4336500 | AY17: 4364250 | AZ17: 4184250 | BA17: 5714250 | BB17: 15839 | BC17: 15328 | BD17: 14072 | BE17: 13009 | BF17: 14488 | BG17: 10606 | BH17: 11674 | BI17: 11335 | BJ17: 12300 | BK17: 11470 | BL17: 13996 | BM17: 14004 | BN17: 14370 | BO17: 11222 | BP17: 9411 | BQ17: 6689 | BR17: 9682 | BS17: 11577 | BT17: 11415 | BU17: 12101 | BV17: 12295 | BW17: 13912 | BX17: 14323 | BY17: 16439 | BZ17: 19372 | CA17: 19258 | CB17: 19109 | CC17: 12766 | CD17: 11116 | CE17: 11778 | CF17: 12835 | CG17: 11743 | CH17: 11564 | CI17: 11638 | CJ17: 11158 | CK17: 15238
A18: =RIGHT(B18,5) -> V3X2 | B18: SEX TONICS & STIMULANTS | V3X2 | C18: ERACT X | D18: ZYDUS CADILA - ZHL | E18: ERACT X SACHET 10 GM | F18: 62.24 | G18: 0 | H18: 1.5142289 | I18: 5.6595108 | J18: 5.6511347 | K18: 6.0488706 | L18: 0 | M18: 280.933 | N18: 1050.002 | O18: 1048.448 | P18: 991.467 | R18: 4380021.8 | S18: 4065677 | T18: 4476071.6 | U18: 4905169.5 | V18: 4647581.4 | W18: 4101520.5 | X18: 4166038.8 | Y18: 4909319.8 | Z18: 5013131.2 | AA18: 4723796 | AB18: 5433820.7 | AC18: 5772959.5 | AD18: 5735391.2 | AE18: 7812805 | AF18: 5885664.4 | AG18: 2602399.8 | AH18: 3157785.4 | AI18: 4517736.3 | AJ18: 4064545.1 | AK18: 4517197.3 | AL18: 4672105.9 | AM18: 4820223.1 | AN18: 4108904.8 | AO18: 4616588.9 | AP18: 6455495.2 | AQ18: 6661705.8 | AR18: 6421403.5 | AS18: 4985340.4 | AT18: 3714669.9 | AU18: 3950061.6 | AV18: 4610490.2 | AW18: 4319518.2 | AX18: 4826712 | AY18: 4836234.7 | AZ18: 4384372.3 | BA18: 5322702.6 | BB18: 81262 | BC18: 75430 | BD18: 83044 | BE18: 91005 | BF18: 86226 | BG18: 76095 | BH18: 77292 | BI18: 91082 | BJ18: 93008 | BK18: 87640 | BL18: 100813 | BM18: 107105 | BN18: 106408 | BO18: 144950 | BP18: 109196 | BQ18: 48282 | BR18: 58586 | BS18: 83817 | BT18: 75409 | BU18: 83807 | BV18: 86681 | BW18: 89429 | BX18: 76232 | BY18: 85651 | BZ18: 108880 | CA18: 112358 | CB18: 108305 | CC18: 84084 | CD18: 59683 | CE18: 63465 | CF18: 74076 | CG18: 69401 | CH18: 77550 | CI18: 77703 | CJ18: 70443 | CK18: 85519
A19: =RIGHT(B19,5) -> V3X2 | B19: SEX TONICS & STIMULANTS | V3X2 | C19: NEO | D19: CHARAK PHARMA PVT LTD | E19: NEO TABLET 75 | F19: 91.43 | G19: 4.5704535 | H19: 4.903752 | I19: 5.1904837 | J19: 4.880152 | K19: 5.2528079 | L19: 603.185 | M19: 625.205 | N19: 627.915 | O19: 574.183 | P19: 590.353 | R19: 5286800 | S19: 4567440 | T19: 4891200 | U19: 4315040 | V19: 4447899 | W19: 4286905.1 | X19: 3917377.8 | Y19: 4517016.8 | Z19: 4552165.7 | AA19: 4004027.9 | AB19: 3586961 | AC19: 3532003.9 | AD19: 3612079.4 | AE19: 4592624.9 | AF19: 3200828.5 | AG19: 2308703.1 | AH19: 2926043.1 | AI19: 4096999.7 | AJ19: 4202783.7 | AK19: 4275778.8 | AL19: 4386283 | AM19: 5265680.6 | AN19: 4639008 | AO19: 5294707.2 | AP19: 5562768 | AQ19: 5079098.7 | AR19: 4682938 | AS19: 4057111.2 | AT19: 3814354 | AU19: 3854945.4 | AV19: 3900193.3 | AW19: 4682235.1 | AX19: 4317416 | AY19: 4222603.1 | AZ19: 3776424.7 | BA19: 4577991.5 | BB19: 66085 | BC19: 57093 | BD19: 61140 | BE19: 53938 | BF19: 52769 | BG19: 50859 | BH19: 46475 | BI19: 53589 | BJ19: 54006 | BK19: 47503 | BL19: 42555 | BM19: 41903 | BN19: 42853 | BO19: 54486 | BP19: 37974 | BQ19: 27390 | BR19: 34714 | BS19: 48606 | BT19: 49861 | BU19: 50727 | BV19: 52038 | BW19: 62471 | BX19: 52800 | BY19: 60263 | BZ19: 63314 | CA19: 57809 | CB19: 53300 | CC19: 46177 | CD19: 43414 | CE19: 43876 | CF19: 44391 | CG19: 53292 | CH19: 47221 | CI19: 46184 | CJ19: 41304 | CK19: 50071
A20: =RIGHT(B20,5) -> V3X2 | B20: SEX TONICS & STIMULANTS | V3X2 | C20: SEMENTO | D20: AIMIL PHARMACEUTICAL (INDIA) | E20: SEMENTO CAPSULE 20 | F20: 178.46 | G20: 0 | H20: 0 | I20: 1.5792279 | J20: 4.017918 | K20: 4.1960721 | L20: 0 | M20: 0 | N20: 97.345 | O20: 247.668 | P20: 239.452 | R20: 0 | S20: 0 | T20: 0 | U20: 0 | V20: 104151.66 | W20: 411253.05 | X20: 433154.1 | Y20: 3380548.7 | Z20: 3616755.6 | AA20: 2903917 | AB20: 1879759 | AC20: 3062740.2 | AD20: 3215723.1 | AE20: 3284508.6 | AF20: 3067282.6 | AG20: 2297825.7 | AH20: 2638508.7 | AI20: 3084479 | AJ20: 3064038 | AK20: 3226916.9 | AL20: 3587878.7 | AM20: 3953869.6 | AN20: 3915421 | AO20: 4842727.7 | AP20: 4276220.6 | AQ20: 3439276 | AR20: 3752656.9 | AS20: 3252612 | AT20: 2460071.1 | AU20: 3247615.1 | AV20: 3209246.2 | AW20: 3161240.4 | AX20: 3822613.2 | AY20: 3363078.7 | AZ20: 3523157.3 | BA20: 4452933.9 | BB20: 0 | BC20: 0 | BD20: 0 | BE20: 0 | BF20: 642 | BG20: 2535 | BH20: 2670 | BI20: 20838 | BJ20: 22294 | BK20: 17900 | BL20: 11587 | BM20: 18879 | BN20: 19822 | BO20: 20246 | BP20: 18907 | BQ20: 14164 | BR20: 16264 | BS20: 19013 | BT20: 18887 | BU20: 19891 | BV20: 22116 | BW20: 24372 | BX20: 24135 | BY20: 29851 | BZ20: 26359 | CA20: 21200 | CB20: 21028 | CC20: 18226 | CD20: 13785 | CE20: 18198 | CF20: 17983 | CG20: 17714 | CH20: 21420 | CI20: 18845 | CJ20: 19742 | CK20: 24952
A21: =RIGHT(B21,5) -> V3X2 | B21: SEX TONICS & STIMULANTS | V3X2 | C21: SHILAJIT | D21: DABUR INDIA LTD. | E21: SHILAJIT CAPSULE 10 | F21: 51.28 | G21: 0.44898127 | H21: 0.23441662 | I21: 0.052577847 | J21: 0.006796755 | K21: 0.004493347 | L21: 86.763 | M21: 46.205 | N21: 10.504 | O21: 1.317 | P21: 0.875 | R21: 157900 | S21: 106250 | T21: 123200 | U21: 106600 | V21: 10800 | W21: 3404.94 | X21: 2597.5 | Y21: 2493.6 | Z21: 1792.7 | AA21: 1382.94 | AB21: 4601.7 | AC21: 4755.09 | AD21: 5677.65 | AE21: 5423.25 | AF21: 5371.6 | AG21: 6249.65 | AH21: 5423.25 | AI21: 6714.5 | AJ21: 4286.95 | AK21: 8005.75 | AL21: 7747.5 | AM21: 7747.5 | AN21: 4545.2 | AO21: 774.75 | AP21: 0 | AQ21: 0 | AR21: 103.3 | AS21: 7799.15 | AT21: 7799.15 | AU21: 7774.8 | AV21: 3938.55 | AW21: 1790.25 | AX21: 1687.95 | AY21: 4092 | AZ21: 4717.76 | BA21: 5230.56 | BB21: 3158 | BC21: 2125 | BD21: 2464 | BE21: 2132 | BF21: 216 | BG21: 66 | BH21: 50 | BI21: 48 | BJ21: 35 | BK21: 27 | BL21: 90 | BM21: 93 | BN21: 111 | BO21: 105 | BP21: 104 | BQ21: 121 | BR21: 105 | BS21: 130 | BT21: 83 | BU21: 155 | BV21: 150 | BW21: 150 | BX21: 88 | BY21: 15 | BZ21: 0 | CA21: 0 | CB21: 2 | CC21: 151 | CD21: 151 | CE21: 152 | CF21: 77 | CG21: 35 | CH21: 33 | CI21: 80 | CJ21: 92 | CK21: 102
A22: =RIGHT(B22,5) -> V3X2 | B22: SEX TONICS & STIMULANTS | V3X2 | C22: =C21 -> SHILAJIT | D22: =D21 -> DABUR INDIA LTD. | E22: SHILAJIT CAPSULE 100 | F22: 372.03 | G22: 0.38717641 | H22: 0.308342 | I22: 0.16010693 | J22: 0.11247338 | K22: 0.094160419 | L22: 9.712 | M22: 8.072 | N22: 4.187 | O22: 2.94 | P22: 2.499 | R22: 290302.32 | S22: 116273.92 | T22: 96393 | U22: 64256.64 | V22: 126600.88 | W22: 95620 | X22: 123923.52 | Y22: 181295.52 | Z22: 206156.72 | AA22: 127748.32 | AB22: 102122.16 | AC22: 70376.32 | AD22: 86058 | AE22: 64256.64 | AF22: 75348.56 | AG22: 86822.96 | AH22: 95667.5 | AI22: 96384.96 | AJ22: 93325.12 | AK22: 84570.07 | AL22: 83804.73 | AM22: 84570.07 | AN22: 140057.22 | AO22: 133868 | AP22: 115891.44 | AQ22: 114744 | AR22: 100592.24 | AS22: 102555.56 | AT22: 75894.12 | AU22: 86310.96 | AV22: 77382.24 | AW22: 75894.12 | AX22: 71801.79 | AY22: 70313.67 | AZ22: 22693.83 | BA22: 27530.22 | BB22: 759 | BC22: 304 | BD22: 253 | BE22: 168 | BF22: 331 | BG22: 250 | BH22: 324 | BI22: 474 | BJ22: 539 | BK22: 334 | BL22: 267 | BM22: 184 | BN22: 225 | BO22: 168 | BP22: 197 | BQ22: 227 | BR22: 250 | BS22: 252 | BT22: 244 | BU22: 221 | BV22: 219 | BW22: 221 | BX22: 366 | BY22: 350 | BZ22: 303 | CA22: 300 | CB22: 263 | CC22: 268 | CD22: 204 | CE22: 232 | CF22: 208 | CG22: 204 | CH22: 193 | CI22: 189 | CJ22: 61 | CK22: 74
A23: =RIGHT(B23,5) -> V3X2 | B23: SEX TONICS & STIMULANTS | V3X2 | C23: =C22 -> SHILAJIT | D23: =D22 -> DABUR INDIA LTD. | E23: SHILAJIT CAPSULE 30 | F23: 149.38 | G23: 0.75483107 | H23: 0.3950917 | I23: 0.34328554 | J23: 0.24437622 | K23: 0.28762404 | L23: 47.16 | M23: 26.395 | N23: 23.009 | O23: 16.287 | P23: 19.203 | R23: 297594.15 | S23: 358753.85 | T23: 354278.75 | U23: 284168.85 | V23: 373670.85 | W23: 276412.01 | X23: 202722.03 | Y23: 262363.92 | Z23: 239679.44 | AA23: 205503.48 | AB23: 272959.96 | AC23: 304748.08 | AD23: 274900.08 | AE23: 151627.84 | AF23: 156702 | AG23: 181625.08 | AH23: 164910.2 | AI23: 165131.19 | AJ23: 196307.72 | AK23: 203764.95 | AL23: 206249.68 | AM23: 230471.96 | AN23: 257707.2 | AO23: 254364.3 | AP23: 283705.24 | AQ23: 302405.71 | AR23: 178938.76 | AS23: 313011.6 | AT23: 316687.91 | AU23: 217937.37 | AV23: 181548.8 | AW23: 193642.1 | AX23: 189712.6 | AY23: 200019.82 | AZ23: 245879.48 | BA23: 252750.96 | BB23: 1995 | BC23: 2405 | BD23: 2375 | BE23: 1905 | BF23: 2505 | BG23: 1853 | BH23: 1359 | BI23: 1758 | BJ23: 1606 | BK23: 1377 | BL23: 1829 | BM23: 2042 | BN23: 1842 | BO23: 1016 | BP23: 1050 | BQ23: 1217 | BR23: 1105 | BS23: 1107 | BT23: 1316 | BU23: 1341 | BV23: 1382 | BW23: 1541 | BX23: 1696 | BY23: 1674 | BZ23: 1901 | CA23: 1997 | CB23: 1199 | CC23: 2062 | CD23: 2123 | CE23: 1461 | CF23: 1216 | CG23: 1297 | CH23: 1270 | CI23: 1339 | CJ23: 1646 | CK23: 1692
A24: =RIGHT(B24,5) -> V3X2 | B24: SEX TONICS & STIMULANTS | V3X2 | C24: =C23 -> SHILAJIT | D24: =D23 -> DABUR INDIA LTD. | E24: SHILAJIT CAPSULE 50 | F24: 200.94 | G24: 0.054890318 | H24: 0 | I24: 0 | J24: 0 | K24: 0 | L24: 2.887 | M24: 0 | N24: 0 | O24: 0 | P24: 0 | R24: 0 | S24: 0 | T24: 0 | U24: 0 | V24: 0 | W24: 0 | X24: 0 | Y24: 0 | Z24: 0 | AA24: 0 | AB24: 0 | AC24: 0 | AD24: 0 | AE24: 0 | AF24: 0 | AG24: 0 | AH24: 0 | AI24: 0 | AJ24: 0 | AK24: 0 | AL24: 0 | AM24: 0 | AN24: 0 | AO24: 0 | AP24: 0 | AQ24: 0 | AR24: 0 | AS24: 0 | AT24: 0 | AU24: 0 | AV24: 0 | AW24: 0 | AX24: 0 | AY24: 0 | AZ24: 0 | BA24: 0 | BB24: 0 | BC24: 0 | BD24: 0 | BE24: 0 | BF24: 0 | BG24: 0 | BH24: 0 | BI24: 0 | BJ24: 0 | BK24: 0 | BL24: 0 | BM24: 0 | BN24: 0 | BO24: 0 | BP24: 0 | BQ24: 0 | BR24: 0 | BS24: 0 | BT24: 0 | BU24: 0 | BV24: 0 | BW24: 0 | BX24: 0 | BY24: 0 | BZ24: 0 | CA24: 0 | CB24: 0 | CC24: 0 | CD24: 0 | CE24: 0 | CF24: 0 | CG24: 0 | CH24: 0 | CI24: 0 | CJ24: 0 | CK24: 0
A25: =RIGHT(B25,5) -> V3X2 | B25: SEX TONICS & STIMULANTS | V3X2 | C25: =C24 -> SHILAJIT | D25: =D24 -> DABUR INDIA LTD. | E25: SHILAJIT GOLD CAPSULE 10 | F25: 182.29 | G25: 7.880662 | H25: 5.0835817 | I25: 4.3843778 | J25: 2.3380263 | K25: 2.7838706 | L25: 495.706 | M25: 331.519 | N25: 274.075 | O25: 139.223 | P25: 155.18 | R25: 7356380.4 | S25: 6155005.7 | T25: 4816536.7 | U25: 4216009.3 | V25: 3889670.5 | W25: 2958965.1 | X25: 2557920.3 | Y25: 2105525.1 | Z25: 2075450.8 | AA25: 2287251.1 | AB25: 2678537.7 | AC25: 2746524.9 | AD25: 2964917 | AE25: 2476302.3 | AF25: 2266779.1 | AG25: 2102434.4 | AH25: 2352148.2 | AI25: 1567550.8 | AJ25: 1415758.5 | AK25: 1512728.7 | AL25: 1534522.7 | AM25: 1743130.2 | AN25: 1521859.1 | AO25: 1922132.2 | AP25: 1969706.3 | AQ25: 1517067.4 | AR25: 1721396.7 | AS25: 1677758.5 | AT25: 1953419.6 | AU25: 2136074.2 | AV25: 2328754.8 | AW25: 2542945.5 | AX25: 2355916 | AY25: 2645027.9 | AZ25: 3270647.2 | BA25: 3719992 | BB25: 45986 | BC25: 38476 | BD25: 30109 | BE25: 26355 | BF25: 24315 | BG25: 18497 | BH25: 15990 | BI25: 13162 | BJ25: 12974 | BK25: 14298 | BL25: 16744 | BM25: 17169 | BN25: 18113 | BO25: 15128 | BP25: 13848 | BQ25: 12844 | BR25: 13744 | BS25: 9160 | BT25: 8273 | BU25: 8835 | BV25: 8967 | BW25: 10186 | BX25: 8893 | BY25: 11232 | BZ25: 11510 | CA25: 8865 | CB25: 10059 | CC25: 9804 | CD25: 10716 | CE25: 11718 | CF25: 12775 | CG25: 13950 | CH25: 12924 | CI25: 14510 | CJ25: 17942 | CK25: 20407
A26: =RIGHT(B26,5) -> V3X2 | B26: SEX TONICS & STIMULANTS | V3X2 | C26: =C25 -> SHILAJIT | D26: =D25 -> DABUR INDIA LTD. | E26: SHILAJIT GOLD CAPSULE 20 | F26: 331.1 | G26: 2.0594919 | H26: 0.99147 | I26: 1.0453589 | J26: 0.46088273 | K26: 0.58966097 | L26: 68.329 | M26: 34.014 | N26: 34.254 | O26: 14.59 | P26: 18.111 | R26: 1746468.8 | S26: 1558148.1 | T26: 1440028 | U26: 1090245.8 | V26: 969989.16 | W26: 947402.88 | X26: 885894.24 | Y26: 864234.98 | Z26: 126294.84 | AA26: 195238.4 | AB26: 231540.54 | AC26: 398103.3 | AD26: 431275.86 | AE26: 442413.9 | AF26: 380194.56 | AG26: 312660 | AH26: 268574.94 | AI26: 386447.76 | AJ26: 475555.86 | AK26: 391951 | AL26: 399925 | AM26: 326999.12 | AN26: 408563.38 | AO26: 384265.96 | AP26: 465541.8 | AQ26: 426506.68 | AR26: 388087.22 | AS26: 472551.38 | AT26: 472260.96 | AU26: 447624.04 | AV26: 505536.8 | AW26: 490044.72 | AX26: 476990.25 | AY26: 541626.45 | AZ26: 593993.4 | BA26: 615846 | BB26: 5722 | BC26: 5105 | BD26: 4718 | BE26: 3572 | BF26: 3178 | BG26: 3104 | BH26: 2904 | BI26: 2833 | BJ26: 414 | BK26: 640 | BL26: 759 | BM26: 1305 | BN26: 1413 | BO26: 1415 | BP26: 1216 | BQ26: 1000 | BR26: 859 | BS26: 1236 | BT26: 1521 | BU26: 1225 | BV26: 1250 | BW26: 1022 | BX26: 1277 | BY26: 1156 | BZ26: 1455 | CA26: 1333 | CB26: 1213 | CC26: 1477 | CD26: 1476 | CE26: 1399 | CF26: 1580 | CG26: 1464 | CH26: 1425 | CI26: 1635 | CJ26: 1794 | CK26: 1860
A27: =RIGHT(B27,5) -> V3X2 | B27: SEX TONICS & STIMULANTS | V3X2 | C27: NANO LEO TOTAL | D27: SANZYME LTD | E27: NANO LEO TOTAL CAPSULE 10 | F27: 50.85 | G27: 1.1737272 | H27: 0.5051141 | I27: 0.49240235 | J27: 0.091727988 | K27: 0.000544095 | L27: 27.258 | M27: 9.934 | N27: 9.684 | O27: 1.804 | P27: 0.107 | R27: 626943.51 | S27: 866941.35 | T27: 710841.06 | U27: 793213.2 | V27: 447962.07 | W27: 270506.04 | X27: 254235 | Y27: 261862.05 | Z27: 173388.27 | AA27: 141354.66 | AB27: 182540.73 | AC27: 194235.54 | AD27: 221184.45 | AE27: 208981.17 | AF27: 170337.45 | AG27: 167795.1 | AH27: 10169.4 | AI27: 9660.93 | AJ27: 13728.69 | AK27: 27457.38 | AL27: 16779.51 | AM27: 35084.43 | AN27: 19321.86 | AO27: 16779.51 | AP27: 2695.05 | AQ27: 2745.9 | AR27: 0 | AS27: 0 | AT27: 0 | AU27: 0 | AV27: 0 | AW27: 0 | AX27: 0 | AY27: 0 | AZ27: 0 | BA27: 0 | BB27: 1233 | BC27: 1705 | BD27: 1398 | BE27: 1560 | BF27: 881 | BG27: 532 | BH27: 500 | BI27: 515 | BJ27: 341 | BK27: 278 | BL27: 359 | BM27: 382 | BN27: 435 | BO27: 411 | BP27: 335 | BQ27: 330 | BR27: 20 | BS27: 19 | BT27: 27 | BU27: 54 | BV27: 33 | BW27: 69 | BX27: 38 | BY27: 33 | BZ27: 53 | CA27: 54 | CB27: 0 | CC27: 0 | CD27: 0 | CE27: 0 | CF27: 0 | CG27: 0 | CH27: 0 | CI27: 0 | CJ27: 0 | CK27: 0
A28: =RIGHT(B28,5) -> V3X2 | B28: SEX TONICS & STIMULANTS | V3X2 | C28: =C27 -> NANO LEO TOTAL | D28: =D27 -> SANZYME LTD | E28: NANO LEO TOTAL SACHET 3 GM | F28: 57.63 | G28: 2.7615718 | H28: 3.626444 | I28: 2.792026 | J28: 1.8603523 | K28: 2.5757013 | L28: 625.615 | M28: 713.165 | N28: 549.071 | O28: 365.851 | P28: 450.577 | R28: 2962724.4 | S28: 2275130.7 | T28: 2672777.7 | U28: 2289470.4 | V28: 2473140.6 | W28: 2493938.2 | X28: 2176634.2 | Y28: 2117902.5 | Z28: 1881704.2 | AA28: 1611487.4 | AB28: 2498718.1 | AC28: 2466631.8 | AD28: 2744527 | AE28: 2009032.6 | AF28: 1252232.1 | AG28: 1076596.2 | AH28: 782784.9 | AI28: 1499210.6 | AJ28: 1647845.1 | AK28: 1596232.4 | AL28: 1440173.7 | AM28: 1509075.4 | AN28: 1495854.4 | AO28: 1549958.9 | AP28: 1573044.8 | AQ28: 1911471.8 | AR28: 2100671.1 | AS28: 1831596.7 | AT28: 1572895.6 | AU28: 1783014.6 | AV28: 2165735.4 | AW28: 2316495.5 | AX28: 2465180.9 | AY28: 2290677.2 | AZ28: 2494168.8 | BA28: 3252060.9 | BB28: 58264 | BC28: 44742 | BD28: 52562 | BE28: 45024 | BF28: 48636 | BG28: 49045 | BH28: 42805 | BI28: 41650 | BJ28: 37005 | BK28: 31691 | BL28: 49139 | BM28: 48508 | BN28: 53973 | BO28: 39509 | BP28: 24626 | BQ28: 21172 | BR28: 15394 | BS28: 29483 | BT28: 32406 | BU28: 31391 | BV28: 28322 | BW28: 29677 | BX28: 29417 | BY28: 30481 | BZ28: 30935 | CA28: 33168 | CB28: 36451 | CC28: 31782 | CD28: 27293 | CE28: 30939 | CF28: 37580 | CG28: 40196 | CH28: 42776 | CI28: 39748 | CJ28: 43279 | CK28: 56430
A29: =RIGHT(B29,5) -> V3X2 | B29: SEX TONICS & STIMULANTS | V3X2 | C29: CLIMAX | D29: MIDAS CARE PHARMACEUTICALS PVT LTD | E29: CLIMAX SPRAY 15 GM | F29: 155.86 | G29: 3.2068523 | H29: 3.6416221 | I29: 3.7204405 | J29: 2.6047323 | K29: 2.3962072 | L29: 198.066 | M29: 233.647 | N29: 238.704 | O29: 167.12 | P29: 153.741 | R29: 3998276.6 | S29: 3199338.2 | T29: 2021348.3 | U29: 2223810.5 | V29: 2674557.6 | W29: 2178143.5 | X29: 2520723.8 | Y29: 3735496.6 | Z29: 2927050.8 | AA29: 4165514.4 | AB29: 4473026.1 | AC29: 3087119 | AD29: 3396657 | AE29: 2978328.7 | AF29: 1509971.7 | AG29: 769169.1 | AH29: 1164741.8 | AI29: 2230824.2 | AJ29: 2492669 | AK29: 2958222.8 | AL29: 1342422.2 | AM29: 2156011.4 | AN29: 2660530.2 | AO29: 2387775.2 | AP29: 2550960.6 | AQ29: 1871878.6 | AR29: 2768697 | AS29: 1532727.2 | AT29: 1435003 | AU29: 2170506.4 | AV29: 1833537 | AW29: 1965082.9 | AX29: 1902894.7 | AY29: 1838368.7 | AZ29: 1937183.9 | BA29: 2155232.1 | BB29: 25653 | BC29: 20527 | BD29: 12969 | BE29: 14268 | BF29: 17160 | BG29: 13975 | BH29: 16173 | BI29: 23967 | BJ29: 18780 | BK29: 26726 | BL29: 28699 | BM29: 19807 | BN29: 21793 | BO29: 19109 | BP29: 9688 | BQ29: 4935 | BR29: 7473 | BS29: 14313 | BT29: 15993 | BU29: 18980 | BV29: 8613 | BW29: 13833 | BX29: 17070 | BY29: 15320 | BZ29: 16367 | CA29: 12010 | CB29: 17764 | CC29: 9834 | CD29: 9207 | CE29: 13926 | CF29: 11764 | CG29: 12608 | CH29: 12209 | CI29: 11795 | CJ29: 12429 | CK29: 13828
A30: =RIGHT(B30,5) -> V3X2 | B30: SEX TONICS & STIMULANTS | V3X2 | C30: EDRIVE C | D30: INNOVCARE LIFE SCIENCES PVT.LTD | E30: EDRIVE C TABLET 10 | F30: 338.31 | G30: 0.86671713 | H30: 1.7391739 | I30: 2.2307645 | J30: 2.0575909 | K30: 2.2512839 | L30: 31.707 | M30: 62.602 | N30: 72.012 | O30: 62.71 | P30: 66.545 | R30: 2231113.3 | S30: 2229044.2 | T30: 2310331.4 | U30: 1660033.4 | V30: 1513125.2 | W30: 1219013.2 | X30: 1522314.8 | Y30: 1725702.3 | Z30: 1712685.5 | AA30: 1871815.8 | AB30: 2070322 | AC30: 2242143.8 | AD30: 2600756.6 | AE30: 2911858.2 | AF30: 2330658 | AG30: 1339428.7 | AH30: 1262955 | AI30: 1350818.4 | AJ30: 1579914.1 | AK30: 1362208.1 | AL30: 1406465.2 | AM30: 1816048.1 | AN30: 1168184.4 | AO30: 1446613.6 | AP30: 1774435.9 | AQ30: 2055233.2 | AR30: 2122895.2 | AS30: 1899272.3 | AT30: 1300801.9 | AU30: 1573479.8 | AV30: 1904008.7 | AW30: 2360050.6 | AX30: 2066397.5 | AY30: 1574156.4 | AZ30: 1970655.8 | BA30: 1911451.5 | BB30: 7548 | BC30: 7541 | BD30: 7816 | BE30: 5616 | BF30: 5119 | BG30: 4124 | BH30: 4678 | BI30: 5303 | BJ30: 5263 | BK30: 5752 | BL30: 6362 | BM30: 6890 | BN30: 7992 | BO30: 8948 | BP30: 7162 | BQ30: 4116 | BR30: 3881 | BS30: 4151 | BT30: 4855 | BU30: 4186 | BV30: 4322 | BW30: 5368 | BX30: 3453 | BY30: 4276 | BZ30: 5245 | CA30: 6075 | CB30: 6275 | CC30: 5614 | CD30: 3845 | CE30: 4651 | CF30: 5628 | CG30: 6976 | CH30: 6108 | CI30: 4653 | CJ30: 5825 | CK30: 5650
A31: =RIGHT(B31,5) -> V3X2 | B31: SEX TONICS & STIMULANTS | V3X2 | C31: VIGOREX | D31: ZANDU PHARMACEUTICALS WORKS LTD | E31: VIGOREX CAPSULE 10 | F31: 163.69 | G31: 1.8967836 | H31: 2.0362964 | I31: 1.46325 | J31: 0.98359154 | K31: 1.4883399 | L31: 131.556 | M31: 138.769 | N31: 93.648 | O31: 61.486 | P31: 91.052 | R31: 2439843.8 | S31: 1222500 | T31: 1560937.5 | U31: 992500 | V31: 829687.5 | W31: 864375 | X31: 979218.75 | Y31: 774687.5 | Z31: 961406.25 | AA31: 1163281.2 | AB31: 1410156.2 | AC31: 1433906.2 | AD31: 1365024 | AE31: 347134.9 | AF31: 514943.43 | AG31: 410642.99 | AH31: 437677.92 | AI31: 428879.57 | AJ31: 448235.94 | AK31: 463433.09 | AL31: 470951.68 | AM31: 364091.72 | AN31: 2212705 | AO31: 2372195.1 | AP31: 525981.36 | AQ31: 372890.07 | AR31: 368957.26 | AS31: 232767.18 | AT31: 220490.43 | AU31: 253064.74 | AV31: 349805.53 | AW31: 1001946.5 | AX31: 4453186.5 | AY31: 3039559.6 | AZ31: 2227984.6 | BA31: 1836765.5 | BB31: 15615 | BC31: 7824 | BD31: 9990 | BE31: 6352 | BF31: 5310 | BG31: 5532 | BH31: 6267 | BI31: 4958 | BJ31: 6153 | BK31: 7445 | BL31: 9025 | BM31: 9177 | BN31: 8533 | BO31: 2170 | BP31: 3219 | BQ31: 2567 | BR31: 2736 | BS31: 2681 | BT31: 2802 | BU31: 2897 | BV31: 2944 | BW31: 2276 | BX31: 13832 | BY31: 14829 | BZ31: 3288 | CA31: 2331 | CB31: 2254 | CC31: 1422 | CD31: 1347 | CE31: 1546 | CF31: 2137 | CG31: 6121 | CH31: 27205 | CI31: 18569 | CJ31: 13611 | CK31: 11221
A32: =RIGHT(B32,5) -> V3X2 | B32: SEX TONICS & STIMULANTS | V3X2 | C32: =C31 -> VIGOREX | D32: =D31 -> ZANDU PHARMACEUTICALS WORKS LTD | E32: VIGOREX CAPSULE 20 | F32: 227 | G32: 0 | H32: 0.002261 | I32: 0.011941744 | J32: 0.0093978 | K32: 0.0047216 | L32: 0 | M32: 0.085 | N32: 0.505 | O32: 0.414 | P32: 0.208 | R32: 0 | S32: 0 | T32: 24206 | U32: 0 | V32: 0 | W32: 0 | X32: 0 | Y32: 0 | Z32: 232.93 | AA32: 48216.51 | AB32: 32007 | AC32: 14755 | AD32: 24970 | AE32: 0 | AF32: 227 | AG32: 9761 | AH32: 0 | AI32: 681 | AJ32: 17479 | AK32: 16571 | AL32: 24289 | AM32: 0 | AN32: 0 | AO32: 0 | AP32: 0 | AQ32: 0 | AR32: 0 | AS32: 681 | AT32: 46308 | AU32: 0 | AV32: 0 | AW32: 0 | AX32: 0 | AY32: 0 | AZ32: 0 | BA32: 227 | BB32: 0 | BC32: 0 | BD32: 91 | BE32: 0 | BF32: 0 | BG32: 0 | BH32: 0 | BI32: 0 | BJ32: 1 | BK32: 207 | BL32: 141 | BM32: 65 | BN32: 110 | BO32: 0 | BP32: 1 | BQ32: 43 | BR32: 0 | BS32: 3 | BT32: 77 | BU32: 73 | BV32: 107 | BW32: 0 | BX32: 0 | BY32: 0 | BZ32: 0 | CA32: 0 | CB32: 0 | CC32: 3 | CD32: 204 | CE32: 0 | CF32: 0 | CG32: 0 | CH32: 0 | CI32: 0 | CJ32: 0 | CK32: 1
A33: =RIGHT(B33,5) -> V3X2 | B33: SEX TONICS & STIMULANTS | V3X2 | C33: EDRIVE | D33: INNOVCARE LIFE SCIENCES PVT.LTD | E33: EDRIVE POWDER 15 GM | F33: 117.97 | G33: 2.2149573 | H33: 2.2969742 | I33: 2.3932914 | J33: 1.4360488 | K33: 1.3796591 | L33: 207.913 | M33: 214.43 | N33: 213.67 | O33: 121.73 | P33: 116.95 | R33: 3023676.2 | S33: 2622833.2 | T33: 2619191.1 | U33: 2357604.1 | V33: 1952047.8 | W33: 2018230.8 | X33: 1439469.9 | Y33: 1567467.4 | Z33: 1461648.3 | AA33: 1192912.6 | AB33: 1881975.4 | AC33: 1795857.3 | AD33: 1802935.5 | AE33: 1721654.2 | AF33: 1572186.2 | AG33: 980094.76 | AH33: 1019496.7 | AI33: 1163656.1 | AJ33: 1037900.1 | AK33: 894920.42 | AL33: 1111985.2 | AM33: 955792.94 | AN33: 950248.35 | AO33: 1149617.6 | AP33: 1156224 | AQ33: 1483354.8 | AR33: 1253077.3 | AS33: 912497.95 | AT33: 960983.62 | AU33: 766097.18 | AV33: 1283159.7 | AW33: 1454924 | AX33: 1141123.8 | AY33: 1071285.6 | AZ33: 1342380.6 | BA33: 971482.95 | BB33: 28227 | BC33: 24485 | BD33: 24451 | BE33: 22009 | BF33: 18223 | BG33: 17108 | BH33: 12202 | BI33: 13287 | BJ33: 12390 | BK33: 10112 | BL33: 15953 | BM33: 15223 | BN33: 15283 | BO33: 14594 | BP33: 13327 | BQ33: 8308 | BR33: 8642 | BS33: 9864 | BT33: 8798 | BU33: 7586 | BV33: 9426 | BW33: 8102 | BX33: 8055 | BY33: 9745 | BZ33: 9801 | CA33: 12574 | CB33: 10622 | CC33: 7735 | CD33: 8146 | CE33: 6494 | CF33: 10877 | CG33: 12333 | CH33: 9673 | CI33: 9081 | CJ33: 11379 | CK33: 8235
A34: =RIGHT(B34,5) -> V3X2 | B34: SEX TONICS & STIMULANTS | V3X2 | C34: VIGOMAX | D34: CHARAK PHARMA PVT LTD | E34: VIGOMAX CAPSULE 10 | F34: 112 | G34: 0.0321104 | H34: 0.0042672 | I34: 0.0022624 | J34: 0.0021168 | K34: 0.0002016 | L34: 2.867 | M34: 0.381 | N34: 0.202 | O34: 0.189 | P34: 0.018 | R34: 0 | S34: 1904 | T34: 2352 | U34: 0 | V34: 5712 | W34: 11984 | X34: 0 | Y34: 0 | Z34: 0 | AA34: 0 | AB34: 0 | AC34: 672 | AD34: 2576 | AE34: 4704 | AF34: 6048 | AG34: 7840 | AH34: 0 | AI34: 0 | AJ34: 0 | AK34: 0 | AL34: 0 | AM34: 0 | AN34: 0 | AO34: 0 | AP34: 0 | AQ34: 0 | AR34: 0 | AS34: 0 | AT34: 0 | AU34: 0 | AV34: 1008 | AW34: 1008 | AX34: 0 | AY34: 0 | AZ34: 0 | BA34: 0 | BB34: 0 | BC34: 17 | BD34: 21 | BE34: 0 | BF34: 51 | BG34: 107 | BH34: 0 | BI34: 0 | BJ34: 0 | BK34: 0 | BL34: 0 | BM34: 6 | BN34: 23 | BO34: 42 | BP34: 54 | BQ34: 70 | BR34: 0 | BS34: 0 | BT34: 0 | BU34: 0 | BV34: 0 | BW34: 0 | BX34: 0 | BY34: 0 | BZ34: 0 | CA34: 0 | CB34: 0 | CC34: 0 | CD34: 0 | CE34: 0 | CF34: 9 | CG34: 9 | CH34: 0 | CI34: 0 | CJ34: 0 | CK34: 0
A35: =RIGHT(B35,5) -> V3X2 | B35: SEX TONICS & STIMULANTS | V3X2 | C35: =C34 -> VIGOMAX | D35: =D34 -> CHARAK PHARMA PVT LTD | E35: VIGOMAX CAPSULE 20 | F35: 101.34 | G35: 0 | H35: 0 | I35: 0 | J35: 0 | K35: 0 | L35: 0 | M35: 0 | N35: 0 | O35: 0 | P35: 0 | R35: 0 | S35: 0 | T35: 0 | U35: 0 | V35: 0 | W35: 0 | X35: 0 | Y35: 0 | Z35: 0 | AA35: 0 | AB35: 0 | AC35: 0 | AD35: 0 | AE35: 0 | AF35: 0 | AG35: 0 | AH35: 0 | AI35: 0 | AJ35: 0 | AK35: 0 | AL35: 0 | AM35: 0 | AN35: 0 | AO35: 0 | AP35: 0 | AQ35: 0 | AR35: 0 | AS35: 0 | AT35: 0 | AU35: 0 | AV35: 0 | AW35: 0 | AX35: 0 | AY35: 0 | AZ35: 0 | BA35: 0 | BB35: 0 | BC35: 0 | BD35: 0 | BE35: 0 | BF35: 0 | BG35: 0 | BH35: 0 | BI35: 0 | BJ35: 0 | BK35: 0 | BL35: 0 | BM35: 0 | BN35: 0 | BO35: 0 | BP35: 0 | BQ35: 0 | BR35: 0 | BS35: 0 | BT35: 0 | BU35: 0 | BV35: 0 | BW35: 0 | BX35: 0 | BY35: 0 | BZ35: 0 | CA35: 0 | CB35: 0 | CC35: 0 | CD35: 0 | CE35: 0 | CF35: 0 | CG35: 0 | CH35: 0 | CI35: 0 | CJ35: 0 | CK35: 0
A36: =RIGHT(B36,5) -> V3X2 | B36: SEX TONICS & STIMULANTS | V3X2 | C36: =C35 -> VIGOMAX | D36: =D35 -> CHARAK PHARMA PVT LTD | E36: VIGOMAX FORTE TABLET 20 | F36: 153.56 | G36: 1.6590943 | H36: 1.6562271 | I36: 1.6957122 | J36: 1.5418662 | K36: 1.3756683 | L36: 135.888 | M36: 128.64 | N36: 124.189 | O36: 108.87 | P36: 92.365 | R36: 1440958.7 | S36: 1501921.8 | T36: 1508501.5 | U36: 1384158.2 | V36: 1388052.4 | W36: 1362270.6 | X36: 1481511.2 | Y36: 1413339 | Z36: 1279228.6 | AA36: 1201394.2 | AB36: 1540170 | AC36: 1455616 | AD36: 1524071.1 | AE36: 1424678.2 | AF36: 1088422.2 | AG36: 1044465.4 | AH36: 942832.65 | AI36: 1427198.1 | AJ36: 1380441.4 | AK36: 1287208.1 | AL36: 1247170.9 | AM36: 1417345.6 | AN36: 1423788.1 | AO36: 1211039.8 | AP36: 1404314.2 | AQ36: 1344135.6 | AR36: 1006637.5 | AS36: 1015276.3 | AT36: 859924.66 | AU36: 967396.94 | AV36: 1039728.4 | AW36: 1116745.3 | AX36: 1007200 | AY36: 1250746.2 | AZ36: 1327526.2 | BA36: 1417051.7 | BB36: 10731 | BC36: 11185 | BD36: 11234 | BE36: 10308 | BF36: 10337 | BG36: 10145 | BH36: 11033 | BI36: 10096 | BJ36: 9138 | BK36: 8582 | BL36: 11002 | BM36: 10398 | BN36: 10887 | BO36: 10177 | BP36: 7775 | BQ36: 7461 | BR36: 6735 | BS36: 10195 | BT36: 9861 | BU36: 9195 | BV36: 8909 | BW36: 9680 | BX36: 9724 | BY36: 8271 | BZ36: 9591 | CA36: 9180 | CB36: 6875 | CC36: 6934 | CD36: 5873 | CE36: 6607 | CF36: 7101 | CG36: 7627 | CH36: 6559 | CI36: 8145 | CJ36: 8645 | CK36: 9228
A37: =RIGHT(B37,5) -> V3X2 | B37: SEX TONICS & STIMULANTS | V3X2 | C37: IGNITOR ED | D37: ZYDUS CADILA - ZHL | E37: IGNITOR ED SACHET 10 GM | F37: 70.71 | G37: 1.4981349 | H37: 1.8934712 | I37: 1.4629682 | J37: 1.1140461 | K37: 0.97004221 | L37: 287.259 | M37: 326.741 | N37: 235.431 | O37: 172.577 | P37: 137.186 | R37: 1579660.9 | S37: 1444382.2 | T37: 1336196.4 | U37: 1367950 | V37: 1351296.4 | W37: 1353968.5 | X37: 1162266.6 | Y37: 1158724.6 | Z37: 1010955.7 | AA37: 827021.26 | AB37: 1035003.8 | AC37: 1002256.1 | AD37: 1254233.8 | AE37: 1139896.2 | AF37: 1079682.5 | AG37: 607488.95 | AH37: 706513.92 | AI37: 912186.22 | AJ37: 965805.58 | AK37: 908769.3 | AL37: 890436.21 | AM37: 936236.08 | AN37: 850681.66 | AO37: 888530.62 | AP37: 969434.1 | AQ37: 995879.64 | AR37: 889956.06 | AS37: 867823.83 | AT37: 658027.26 | AU37: 802770.63 | AV37: 768900.54 | AW37: 714736.68 | AX37: 740475.12 | AY37: 777244.32 | AZ37: 725696.73 | BA37: 789477.15 | BB37: 25421 | BC37: 23244 | BD37: 21503 | BE37: 22014 | BF37: 21746 | BG37: 21789 | BH37: 18704 | BI37: 18647 | BJ37: 16269 | BK37: 13309 | BL37: 16656 | BM37: 16129 | BN37: 20184 | BO37: 18344 | BP37: 17375 | BQ37: 9245 | BR37: 10752 | BS37: 13882 | BT37: 14698 | BU37: 13830 | BV37: 13551 | BW37: 14248 | BX37: 12946 | BY37: 13522 | BZ37: 13710 | CA37: 14084 | CB37: 12586 | CC37: 12273 | CD37: 9306 | CE37: 11353 | CF37: 10874 | CG37: 10108 | CH37: 10472 | CI37: 10992 | CJ37: 10263 | CK37: 11165
A38: =RIGHT(B38,5) -> V3X2 | B38: SEX TONICS & STIMULANTS | V3X2 | C38: Y SPUR | D38: VILCO LABORATORIES PVT. LTD | E38: Y SPUR CAPSULE 30 | F38: 777.87 | G38: 0.49205005 | H38: 0.60485752 | I38: 0.68845759 | J38: 0.67042378 | K38: 0.75807025 | L38: 8.799 | M38: 10.264 | N38: 11.036 | O38: 9.817 | P38: 9.842 | R38: 617586.4 | S38: 523887.7 | T38: 489119 | U38: 571031.7 | V38: 513869.6 | W38: 599945.75 | X38: 618096.74 | Y38: 638851.3 | Z38: 592802.12 | AA38: 572696.14 | AB38: 512378.2 | AC38: 634311.24 | AD38: 648580 | AE38: 668037.4 | AF38: 517566.84 | AG38: 417036.94 | AH38: 383310.78 | AI38: 477333 | AJ38: 478040.16 | AK38: 494304.84 | AL38: 550877.64 | AM38: 673923.48 | AN38: 660487.44 | AO38: 734739.24 | AP38: 751003.92 | AQ38: 753756.03 | AR38: 766201.95 | AS38: 680636.25 | AT38: 570956.58 | AU38: 553843.44 | AV38: 555399.18 | AW38: 602071.38 | AX38: 583402.5 | AY38: 591181.2 | AZ38: 554621.31 | BA38: 617628.78 | BB38: 1048 | BC38: 889 | BD38: 830 | BE38: 969 | BF38: 872 | BG38: 925 | BH38: 953 | BI38: 985 | BJ38: 914 | BK38: 883 | BL38: 790 | BM38: 978 | BN38: 1000 | BO38: 1030 | BP38: 798 | BQ38: 643 | BR38: 591 | BS38: 675 | BT38: 676 | BU38: 699 | BV38: 779 | BW38: 953 | BX38: 934 | BY38: 1039 | BZ38: 1062 | CA38: 969 | CB38: 985 | CC38: 875 | CD38: 734 | CE38: 712 | CF38: 714 | CG38: 774 | CH38: 750 | CI38: 760 | CJ38: 713 | CK38: 794
A39: =RIGHT(B39,5) -> V3X2 | B39: SEX TONICS & STIMULANTS | V3X2 | C39: PALLRYWYN | D39: CHARAK PHARMA PVT LTD | E39: PALLRYWYN FORTE TABLET 20 | F39: 138.57 | G39: 0.69601825 | H39: 0.57945974 | I39: 0.48843523 | J39: 0.3776125 | K39: 0.47330058 | L39: 62.716 | M39: 50.104 | N39: 40.264 | O39: 30.209 | P39: 36.123 | R39: 490533.32 | S39: 425946.04 | T39: 357115.8 | U39: 346508.4 | V39: 419228.02 | W39: 414395.76 | X39: 395500 | Y39: 337000 | Z39: 388625 | AA39: 423750 | AB39: 476125 | AC39: 409625 | AD39: 387750 | AE39: 437250 | AF39: 305625 | AG39: 246125 | AH39: 199125 | AI39: 345875 | AJ39: 288375 | AK39: 310500 | AL39: 251500 | AM39: 316000 | AN39: 314875 | AO39: 373125 | AP39: 387375 | AQ39: 380125 | AR39: 414530.22 | AS39: 389821.38 | AT39: 373786.92 | AU39: 448570.59 | AV39: 400730.07 | AW39: 316352.01 | AX39: 330283.59 | AY39: 411375.9 | AZ39: 397970.04 | BA39: 482085.03 | BB39: 4162 | BC39: 3614 | BD39: 3030 | BE39: 2940 | BF39: 3557 | BG39: 3516 | BH39: 3164 | BI39: 2696 | BJ39: 3109 | BK39: 3390 | BL39: 3809 | BM39: 3277 | BN39: 3102 | BO39: 3498 | BP39: 2445 | BQ39: 1969 | BR39: 1593 | BS39: 2767 | BT39: 2307 | BU39: 2484 | BV39: 2012 | BW39: 2528 | BX39: 2519 | BY39: 2985 | BZ39: 3099 | CA39: 3041 | CB39: 3154 | CC39: 2966 | CD39: 2844 | CE39: 3413 | CF39: 3049 | CG39: 2407 | CH39: 2513 | CI39: 3130 | CJ39: 3028 | CK39: 3479
A40: =RIGHT(B40,5) -> V3X2 | B40: SEX TONICS & STIMULANTS | V3X2 | C40: =C39 -> PALLRYWYN | D40: =D39 -> CHARAK PHARMA PVT LTD | E40: PALLRYWYN TABLET 20 | F40: 65.45 | G40: 0.21408041 | H40: 0.04755597 | I40: 0.023136575 | J40: 0.008475775 | K40: 0.00074613 | L40: 32.709 | M40: 7.266 | N40: 3.535 | O40: 1.295 | P40: 0.114 | R40: 14726.25 | S40: 8901.2 | T40: 14464.45 | U40: 23300.2 | V40: 22645.7 | W40: 23692.9 | X40: 25394.6 | Y40: 26310.9 | Z40: 29452.5 | AA40: 22253 | AB40: 9490.25 | AC40: 10733.8 | AD40: 11715.55 | AE40: 11388.3 | AF40: 11388.3 | AG40: 10668.35 | AH40: 11453.75 | AI40: 10079.3 | AJ40: 9555.7 | AK40: 7788.55 | AL40: 0 | AM40: 130.9 | AN40: 0 | AO40: 589.05 | AP40: 1898.05 | AQ40: 2094.4 | AR40: 0 | AS40: 65.45 | AT40: 130.9 | AU40: 130.9 | AV40: 130.9 | AW40: 0 | AX40: 65.45 | AY40: 327.25 | AZ40: 1439.9 | BA40: 1178.1 | BB40: 225 | BC40: 136 | BD40: 221 | BE40: 356 | BF40: 346 | BG40: 362 | BH40: 388 | BI40: 402 | BJ40: 450 | BK40: 340 | BL40: 145 | BM40: 164 | BN40: 179 | BO40: 174 | BP40: 174 | BQ40: 163 | BR40: 175 | BS40: 154 | BT40: 146 | BU40: 119 | BV40: 0 | BW40: 2 | BX40: 0 | BY40: 9 | BZ40: 29 | CA40: 32 | CB40: 0 | CC40: 1 | CD40: 2 | CE40: 2 | CF40: 2 | CG40: 0 | CH40: 1 | CI40: 5 | CJ40: 22 | CK40: 18
A41: =RIGHT(B41,5) -> V3X2 | B41: SEX TONICS & STIMULANTS | V3X2 | C41: ENLARGE | D41: UNIVERSAL NUTRISCIENCE PVT LTD | E41: ENLARGE FORTE SACHET 10 GM | F41: 135.59 | G41: 1.7135995 | H41: 0.8226893 | I41: 0.74215987 | J41: 0.42094329 | K41: 0.32688548 | L41: 209.332 | M41: 93.025 | N41: 76.833 | O41: 38.759 | P41: 26.73 | R41: 820224 | S41: 817465 | T41: 657621 | U41: 661804 | V41: 675605.62 | W41: 554285.32 | X41: 604656.28 | Y41: 646529.7 | Z41: 616225.22 | AA41: 462143.32 | AB41: 415355.66 | AC41: 489683.54 | AD41: 603837.24 | AE41: 597387.3 | AF41: 432862.64 | AG41: 268030.84 | AH41: 237828.74 | AI41: 243664.4 | AJ41: 281830.33 | AK41: 303418.84 | AL41: 308137.64 | AM41: 314154.11 | AN41: 321822.16 | AO41: 296458.61 | AP41: 320524.49 | AQ41: 363347.6 | AR41: 314272.08 | AS41: 284543.64 | AT41: 188516.06 | AU41: 229569.62 | AV41: 346359.92 | AW41: 332793.37 | AX41: 229282.69 | AY41: 196469.91 | AZ41: 239994.3 | BA41: 223181.14 | BB41: 9216 | BC41: 9185 | BD41: 7389 | BE41: 7436 | BF41: 6599 | BG41: 5414 | BH41: 5906 | BI41: 6315 | BJ41: 6019 | BK41: 4514 | BL41: 4057 | BM41: 4783 | BN41: 5898 | BO41: 5835 | BP41: 4228 | BQ41: 2618 | BR41: 2323 | BS41: 2380 | BT41: 2389 | BU41: 2572 | BV41: 2612 | BW41: 2663 | BX41: 2728 | BY41: 2513 | BZ41: 2717 | CA41: 3080 | CB41: 2664 | CC41: 2412 | CD41: 1598 | CE41: 1946 | CF41: 2936 | CG41: 2821 | CH41: 1691 | CI41: 1449 | CJ41: 1770 | CK41: 1646
A42: =RIGHT(B42,5) -> V3X2 | B42: SEX TONICS & STIMULANTS | V3X2 | C42: V TWO | D42: TTK HEALTHCARE LTD | E42: V TWO 10 % GEL 10 GM | F42: 114.29 | G42: 0.002777247 | H42: 0.000468589 | I42: 0.000411444 | J42: 0 | K42: 0 | L42: 0.243 | M42: 0.041 | N42: 0.036 | O42: 0 | P42: 0 | R42: 0 | S42: 0 | T42: 1600.06 | U42: 0 | V42: 0 | W42: 0 | X42: 2514.38 | Y42: 0 | Z42: 0 | AA42: 0 | AB42: 0 | AC42: 0 | AD42: 0 | AE42: 0 | AF42: 0 | AG42: 0 | AH42: 0 | AI42: 0 | AJ42: 0 | AK42: 0 | AL42: 0 | AM42: 0 | AN42: 0 | AO42: 0 | AP42: 0 | AQ42: 0 | AR42: 0 | AS42: 0 | AT42: 0 | AU42: 0 | AV42: 0 | AW42: 0 | AX42: 0 | AY42: 0 | AZ42: 0 | BA42: 0 | BB42: 0 | BC42: 0 | BD42: 14 | BE42: 0 | BF42: 0 | BG42: 0 | BH42: 22 | BI42: 0 | BJ42: 0 | BK42: 0 | BL42: 0 | BM42: 0 | BN42: 0 | BO42: 0 | BP42: 0 | BQ42: 0 | BR42: 0 | BS42: 0 | BT42: 0 | BU42: 0 | BV42: 0 | BW42: 0 | BX42: 0 | BY42: 0 | BZ42: 0 | CA42: 0 | CB42: 0 | CC42: 0 | CD42: 0 | CE42: 0 | CF42: 0 | CG42: 0 | CH42: 0 | CI42: 0 | CJ42: 0 | CK42: 0
A43: =RIGHT(B43,5) -> V3X2 | B43: SEX TONICS & STIMULANTS | V3X2 | C43: =C42 -> V TWO | D43: =D42 -> TTK HEALTHCARE LTD | E43: V TWO SACHET 15 GM | F43: 74.58 | G43: 0.89497326 | H43: 1.0066195 | I43: 0.37498621 | J43: 0.070492058 | K43: 0.27217971 | L43: 128.265 | M43: 141.399 | N43: 52.674 | O43: 9.489 | P43: 36.495 | R43: 519758.19 | S43: 646903.53 | T43: 702218.16 | U43: 605613.33 | V43: 343847.7 | W43: 384497.19 | X43: 150780.42 | Y43: 184524.48 | Z43: 66349.08 | AA43: 61009.83 | AB43: 49049.91 | AC43: 35310.24 | AD43: 26977.22 | AE43: 18013.6 | AF43: 13172 | AG43: 0 | AH43: 0 | AI43: 0 | AJ43: 522.06 | AK43: 35052.6 | AL43: 39676.56 | AM43: 102994.98 | AN43: 199650.66 | AO43: 268860.9 | AP43: 259687.56 | AQ43: 261104.58 | AR43: 234255.78 | AS43: 165940.5 | AT43: 109707.18 | AU43: 137749.26 | AV43: 206735.76 | AW43: 270799.98 | AX43: 278854.62 | AY43: 261626.64 | AZ43: 223143.36 | BA43: 312191.88 | BB43: 7301 | BC43: 9087 | BD43: 9864 | BE43: 8507 | BF43: 4830 | BG43: 5401 | BH43: 2118 | BI43: 2592 | BJ43: 932 | BK43: 857 | BL43: 689 | BM43: 496 | BN43: 379 | BO43: 253 | BP43: 185 | BQ43: 0 | BR43: 0 | BS43: 0 | BT43: 7 | BU43: 470 | BV43: 532 | BW43: 1381 | BX43: 2677 | BY43: 3605 | BZ43: 3482 | CA43: 3501 | CB43: 3141 | CC43: 2225 | CD43: 1471 | CE43: 1847 | CF43: 2772 | CG43: 3631 | CH43: 3739 | CI43: 3508 | CJ43: 2992 | CK43: 4186
A44: =RIGHT(B44,5) -> V3X2 | B44: SEX TONICS & STIMULANTS | V3X2 | C44: LIBIDUP | D44: MMC PHARMACEUTICALS LTD | E44: LIBIDUP SOFTGEL CAPSULE 15 | F44: 433.9 | G44: 0 | H44: 0.22284925 | I44: 0.23884411 | J44: 0.063096942 | K44: 0.26755081 | L44: 0 | M44: 6.033 | N44: 6.291 | O44: 1.581 | P44: 6.199 | R44: 307904.26 | S44: 296134.8 | T44: 243741.72 | U44: 215267.22 | V44: 271077.24 | W44: 238806.14 | X44: 214128.24 | Y44: 134399.64 | Z44: 118833.58 | AA44: 144650.46 | AB44: 113138.68 | AC44: 90359.08 | AD44: 87701.46 | AE44: 38725.32 | AF44: 24677.9 | AG44: 20339 | AH44: 18983 | AI44: 13016.96 | AJ44: 10169.5 | AK44: 3254.24 | AL44: 16271.2 | AM44: 26033.92 | AN44: 163525.56 | AO44: 208271.36 | AP44: 213559.5 | AQ44: 226495.8 | AR44: 230400.9 | AS44: 224326.3 | AT44: 197424.5 | AU44: 169654.9 | AV44: 170088.8 | AW44: 198292.3 | AX44: 231702.6 | AY44: 271621.4 | AZ44: 272923.1 | BA44: 269018 | BB44: 811 | BC44: 780 | BD44: 642 | BE44: 567 | BF44: 714 | BG44: 629 | BH44: 564 | BI44: 354 | BJ44: 313 | BK44: 381 | BL44: 298 | BM44: 238 | BN44: 231 | BO44: 102 | BP44: 65 | BQ44: 50 | BR44: 50 | BS44: 32 | BT44: 25 | BU44: 8 | BV44: 40 | BW44: 64 | BX44: 402 | BY44: 512 | BZ44: 525 | CA44: 522 | CB44: 531 | CC44: 517 | CD44: 455 | CE44: 391 | CF44: 392 | CG44: 457 | CH44: 534 | CI44: 626 | CJ44: 629 | CK44: 620
A45: =RIGHT(B45,5) -> V3X2 | B45: SEX TONICS & STIMULANTS | V3X2 | C45: VIGORVIT FORTE | D45: INDSWIFT LABORATORIES LTD. | E45: VIGORVIT FORTE CAPSULE 10 | F45: 117.79 | G45: 0.41022339 | H45: 0.42837867 | I45: 0.44077018 | J45: 0.30009358 | K45: 0.21831199 | L45: 33.31 | M45: 36.368 | N45: 37.42 | O45: 25.477 | P45: 18.534 | R45: 447248.63 | S45: 533117.54 | T45: 564803.05 | U45: 508970.59 | V45: 405904.34 | W45: 349247.35 | X45: 310612.23 | Y45: 269385.73 | Z45: 245474.36 | AA45: 225332.27 | AB45: 331107.69 | AC45: 216498.02 | AD45: 301071.24 | AE45: 292943.73 | AF45: 286583.07 | AG45: 309434.33 | AH45: 237700.22 | AI45: 291530.25 | AJ45: 181867.76 | AK45: 234284.31 | AL45: 225096.69 | AM45: 177862.9 | AN45: 222858.68 | AO45: 239702.65 | AP45: 198240.57 | AQ45: 197416.04 | AR45: 173386.88 | AS45: 167615.17 | AT45: 124032.87 | AU45: 154658.27 | AV45: 143821.59 | AW45: 194824.66 | AX45: 230632.82 | AY45: 218500.45 | AZ45: 179158.59 | BA45: 200831.95 | BB45: 3797 | BC45: 4526 | BD45: 4795 | BE45: 4321 | BF45: 3446 | BG45: 2965 | BH45: 2637 | BI45: 2287 | BJ45: 2084 | BK45: 1913 | BL45: 2811 | BM45: 1838 | BN45: 2556 | BO45: 2487 | BP45: 2433 | BQ45: 2627 | BR45: 2018 | BS45: 2475 | BT45: 1544 | BU45: 1989 | BV45: 1911 | BW45: 1510 | BX45: 1892 | BY45: 2035 | BZ45: 1683 | CA45: 1676 | CB45: 1472 | CC45: 1423 | CD45: 1053 | CE45: 1313 | CF45: 1221 | CG45: 1654 | CH45: 1958 | CI45: 1855 | CJ45: 1521 | CK45: 1705
A46: =RIGHT(B46,5) -> V3X2 | B46: SEX TONICS & STIMULANTS | V3X2 | C46: VIGOREX SF | D46: ZANDU PHARMACEUTICALS WORKS LTD | E46: VIGOREX SF CAPSULE 15 | F46: 167.41 | G46: 0.13747228 | H46: 0.13876206 | I46: 0.14371486 | J46: 0.098350982 | K46: 0.19265203 | L46: 9.865 | M46: 9.474 | N46: 9.398 | O46: 5.912 | P46: 11.507 | R46: 186905.36 | S46: 174107.7 | T46: 151042.15 | U46: 206101.85 | V46: 124851.59 | W46: 99702.7 | X46: 110268.21 | Y46: 36458.45 | Z46: 91405.86 | AA46: 49385.95 | AB46: 98102.26 | AC46: 108816.5 | AD46: 88727.3 | AE46: 48883.72 | AF46: 80356.8 | AG46: 104798.66 | AH46: 50744.21 | AI46: 84207.23 | AJ46: 78850.11 | AK46: 62949.92 | AL46: 104023.71 | AM46: 87105.2 | AN46: 111166.88 | AO46: 81696.08 | AP46: 68638.1 | AQ46: 67674.04 | AR46: 88894.71 | AS46: 104966.07 | AT46: 198213.44 | AU46: 264842.62 | AV46: 162387.7 | AW46: 180802.8 | AX46: 155784.3 | AY46: 198213.44 | AZ46: 207086.17 | BA46: 229016.88 | BB46: 1256 | BC46: 1170 | BD46: 1015 | BE46: 1385 | BF46: 839 | BG46: 670 | BH46: 741 | BI46: 245 | BJ46: 546 | BK46: 295 | BL46: 586 | BM46: 650 | BN46: 530 | BO46: 292 | BP46: 480 | BQ46: 626 | BR46: 341 | BS46: 503 | BT46: 471 | BU46: 376 | BV46: 621 | BW46: 520 | BX46: 664 | BY46: 488 | BZ46: 410 | CA46: 404 | CB46: 531 | CC46: 627 | CD46: 1184 | CE46: 1582 | CF46: 970 | CG46: 1080 | CH46: 930 | CI46: 1184 | CJ46: 1237 | CK46: 1368
A47: =RIGHT(B47,5) -> V3X2 | B47: SEX TONICS & STIMULANTS | V3X2 | C47: SENSA ED | D47: VILCO LABORATORIES PVT. LTD | E47: SENSA ED CAPSULE 10 | F47: 215.72 | G47: 0.11081123 | H47: 0.11295521 | I47: 0.12083464 | J47: 0.068200496 | K47: 0.091730195 | L47: 6.571 | M47: 6.433 | N47: 6.577 | O47: 3.472 | P47: 4.291 | R47: 127506.12 | S47: 111612.5 | T47: 103576.4 | U47: 96968.94 | V47: 96968.94 | W47: 110005.28 | X47: 91611.54 | Y47: 97861.84 | Z47: 97625.71 | AA47: 99982.87 | AB47: 98215 | AC47: 76411.27 | AD47: 90947.09 | AE47: 93697.11 | AF47: 78179.14 | AG47: 65018.33 | AH47: 38696.71 | AI47: 40857.44 | AJ47: 37518.13 | AK47: 37125.27 | AL47: 41446.73 | AM47: 40464.58 | AN47: 48518.21 | AO47: 69536.22 | AP47: 85054.19 | AQ47: 85425.12 | AR47: 95995.4 | AS47: 82189.32 | AT47: 74639.12 | AU47: 75502 | AV47: 74854.84 | AW47: 71619.04 | AX47: 65363.16 | AY47: 69246.12 | AZ47: 61911.64 | BA47: 75502 | BB47: 714 | BC47: 625 | BD47: 580 | BE47: 543 | BF47: 543 | BG47: 616 | BH47: 513 | BI47: 548 | BJ47: 497 | BK47: 509 | BL47: 500 | BM47: 389 | BN47: 463 | BO47: 477 | BP47: 398 | BQ47: 331 | BR47: 197 | BS47: 208 | BT47: 191 | BU47: 189 | BV47: 211 | BW47: 206 | BX47: 247 | BY47: 354 | BZ47: 433 | CA47: 396 | CB47: 445 | CC47: 381 | CD47: 346 | CE47: 350 | CF47: 347 | CG47: 332 | CH47: 303 | CI47: 321 | CJ47: 287 | CK47: 350
A48: =RIGHT(B48,5) -> V3X2 | B48: SEX TONICS & STIMULANTS | V3X2 | C48: COMMANDO (NEOVEDIC) | D48: NEO VEDIC DRUG PHARMA | E48: COMMANDO (NEOVEDIC) CAPSULE 20 | F48: 79.88 | G48: 0.1505646 | H48: 0.20063376 | I48: 0.32220159 | J48: 0.1574833 | K48: 0.074975368 | L48: 21.54 | M48: 25.609 | N48: 35.562 | O48: 17.005 | P48: 9.386 | R48: 332910 | S48: 462420 | T48: 233370 | U48: 406530 | V48: 433620 | W48: 340920 | X48: 251640 | Y48: 128264.85 | Z48: 130394.88 | AA48: 133358.4 | AB48: 190220.94 | AC48: 178366.86 | AD48: 208279.89 | AE48: 162345.33 | AF48: 174940.29 | AG48: 151509.96 | AH48: 171791.55 | AI48: 200037.6 | AJ48: 118818.63 | AK48: 136044.09 | AL48: 251065.71 | AM48: 0 | AN48: 0 | AO48: 0 | AP48: 0 | AQ48: 0 | AR48: 0 | AS48: 5351.96 | AT48: 6150.76 | AU48: 6630.04 | AV48: 5591.6 | AW48: 215116.84 | AX48: 232690.44 | AY48: 117024.2 | AZ48: 74607.92 | BA48: 86589.92 | BB48: 3699 | BC48: 5138 | BD48: 2593 | BE48: 4517 | BF48: 4818 | BG48: 3788 | BH48: 2796 | BI48: 1385 | BJ48: 1408 | BK48: 1440 | BL48: 2054 | BM48: 1926 | BN48: 2249 | BO48: 1753 | BP48: 1889 | BQ48: 1636 | BR48: 1855 | BS48: 2160 | BT48: 1283 | BU48: 1469 | BV48: 2711 | BW48: 0 | BX48: 0 | BY48: 0 | BZ48: 0 | CA48: 0 | CB48: 0 | CC48: 67 | CD48: 77 | CE48: 83 | CF48: 70 | CG48: 2693 | CH48: 2913 | CI48: 1465 | CJ48: 934 | CK48: 1084
A49: =RIGHT(B49,5) -> V3X2 | B49: SEX TONICS & STIMULANTS | V3X2 | C49: =C48 -> COMMANDO (NEOVEDIC) | D49: =D48 -> NEO VEDIC DRUG PHARMA | E49: COMMANDO (NEOVEDIC) OIL 15 ML | F49: 92.61 | G49: 0.07233252 | H49: 0.058363401 | I49: 0.08599707 | J49: 0.067549734 | K49: 0.001102059 | L49: 10.348 | M49: 7.537 | N49: 9.501 | O49: 7.294 | P49: 0.119 | R49: 72000 | S49: 69120 | T49: 107640 | U49: 97740 | V49: 84150 | W49: 75510 | X49: 56250 | Y49: 49230 | Z49: 75150 | AA49: 47694.15 | AB49: 53713.8 | AC49: 71772.75 | AD49: 99370.53 | AE49: 76218.03 | AF49: 71680.14 | AG49: 51213.33 | AH49: 46768.05 | AI49: 84182.49 | AJ49: 75199.32 | AK49: 85293.81 | AL49: 85571.64 | AM49: 0 | AN49: 0 | AO49: 0 | AP49: 0 | AQ49: 0 | AR49: 0 | AS49: 1574.37 | AT49: 1759.59 | AU49: 1759.59 | AV49: 1852.2 | AW49: 1944.81 | AX49: 2037.42 | AY49: 0 | AZ49: 0 | BA49: 92.61 | BB49: 800 | BC49: 768 | BD49: 1196 | BE49: 1086 | BF49: 935 | BG49: 839 | BH49: 625 | BI49: 547 | BJ49: 835 | BK49: 515 | BL49: 580 | BM49: 775 | BN49: 1073 | BO49: 823 | BP49: 774 | BQ49: 553 | BR49: 505 | BS49: 909 | BT49: 812 | BU49: 921 | BV49: 924 | BW49: 0 | BX49: 0 | BY49: 0 | BZ49: 0 | CA49: 0 | CB49: 0 | CC49: 17 | CD49: 19 | CE49: 19 | CF49: 20 | CG49: 21 | CH49: 22 | CI49: 0 | CJ49: 0 | CK49: 1
A50: =RIGHT(B50,5) -> V3X2 | B50: SEX TONICS & STIMULANTS | V3X2 | C50: VIVADONA | D50: CHARAK PHARMA PVT LTD | E50: VIVADONA CAPSULE 20 | F50: 135.71 | G50: 0.13467696 | H50: 0.13374307 | I50: 0.11468444 | J50: 0.053586428 | K50: 0.050526361 | L50: 10.782 | M50: 10.536 | N50: 8.92 | O50: 4.144 | P50: 3.743 | R50: 113655.88 | S50: 124584.33 | T50: 119570.1 | U50: 113141.6 | V50: 68270.67 | W50: 70199.22 | X50: 95141.8 | Y50: 70199.22 | Z50: 69427.8 | AA50: 88841.87 | AB50: 100284.6 | AC50: 113527.31 | AD50: 81513.38 | AE50: 86013.33 | AF50: 57470.79 | AG50: 38056.72 | AH50: 22756.89 | AI50: 28542.54 | AJ50: 30856.8 | AK50: 30085.38 | AL50: 25071.15 | AM50: 37799.58 | AN50: 39342.42 | AO50: 58355.3 | AP50: 56183.94 | AQ50: 58898.14 | AR50: 48599.46 | AS50: 33656.08 | AT50: 26192.03 | AU50: 28091.97 | AV50: 32298.98 | AW50: 50484.12 | AX50: 33113.24 | AY50: 43291.49 | AZ50: 48041.34 | BA50: 46412.82 | BB50: 884 | BC50: 969 | BD50: 930 | BE50: 880 | BF50: 531 | BG50: 546 | BH50: 740 | BI50: 546 | BJ50: 540 | BK50: 691 | BL50: 780 | BM50: 883 | BN50: 634 | BO50: 669 | BP50: 447 | BQ50: 296 | BR50: 177 | BS50: 222 | BT50: 240 | BU50: 234 | BV50: 195 | BW50: 294 | BX50: 306 | BY50: 430 | BZ50: 414 | CA50: 434 | CB50: 378 | CC50: 248 | CD50: 193 | CE50: 207 | CF50: 238 | CG50: 372 | CH50: 244 | CI50: 319 | CJ50: 354 | CK50: 342
A51: =RIGHT(B51,5) -> V3X2 | B51: SEX TONICS & STIMULANTS | V3X2 | C51: VALIDO PLUS | D51: UNIVERSAL MEDIKIT | E51: VALIDO PLUS CAPSULE 10 | F51: 150.94 | G51: 0.027514006 | H51: 0.004588576 | I51: 0 | J51: 0 | K51: 0 | L51: 1.829 | M51: 0.304 | N51: 0 | O51: 0 | P51: 0 | R51: 0 | S51: 0 | T51: 0 | U51: 0 | V51: 0 | W51: 0 | X51: 0 | Y51: 0 | Z51: 0 | AA51: 0 | AB51: 0 | AC51: 0 | AD51: 0 | AE51: 0 | AF51: 0 | AG51: 0 | AH51: 0 | AI51: 0 | AJ51: 0 | AK51: 0 | AL51: 0 | AM51: 0 | AN51: 0 | AO51: 0 | AP51: 0 | AQ51: 0 | AR51: 0 | AS51: 0 | AT51: 0 | AU51: 0 | AV51: 0 | AW51: 0 | AX51: 0 | AY51: 0 | AZ51: 0 | BA51: 0 | BB51: 0 | BC51: 0 | BD51: 0 | BE51: 0 | BF51: 0 | BG51: 0 | BH51: 0 | BI51: 0 | BJ51: 0 | BK51: 0 | BL51: 0 | BM51: 0 | BN51: 0 | BO51: 0 | BP51: 0 | BQ51: 0 | BR51: 0 | BS51: 0 | BT51: 0 | BU51: 0 | BV51: 0 | BW51: 0 | BX51: 0 | BY51: 0 | BZ51: 0 | CA51: 0 | CB51: 0 | CC51: 0 | CD51: 0 | CE51: 0 | CF51: 0 | CG51: 0 | CH51: 0 | CI51: 0 | CJ51: 0 | CK51: 0
A52: =RIGHT(B52,5) -> V3X2 | B52: SEX TONICS & STIMULANTS | V3X2 | C52: =C51 -> VALIDO PLUS | D52: =D51 -> UNIVERSAL MEDIKIT | E52: VALIDO PLUS CAPSULE 60 | F52: 300 | G52: 0 | H52: 0.012811262 | I52: 0.04893 | J52: 0.00915 | K52: 0.02355 | L52: 0 | M52: 0.513 | N52: 1.631 | O52: 0.305 | P52: 0.785 | R52: 43200 | S52: 27900 | T52: 13200 | U52: 94800 | V52: 74400 | W52: 68100 | X52: 58800 | Y52: 57900 | Z52: 10800 | AA52: 11400 | AB52: 14700 | AC52: 14100 | AD52: 13500 | AE52: 11700 | AF52: 9300 | AG52: 9600 | AH52: 10800 | AI52: 9000 | AJ52: 3000 | AK52: 3600 | AL52: 4500 | AM52: 8400 | AN52: 4500 | AO52: 3600 | AP52: 3900 | AQ52: 7800 | AR52: 16800 | AS52: 14700 | AT52: 15900 | AU52: 14100 | AV52: 13500 | AW52: 15000 | AX52: 18600 | AY52: 30900 | AZ52: 44400 | BA52: 39900 | BB52: 144 | BC52: 93 | BD52: 44 | BE52: 316 | BF52: 248 | BG52: 227 | BH52: 196 | BI52: 193 | BJ52: 36 | BK52: 38 | BL52: 49 | BM52: 47 | BN52: 45 | BO52: 39 | BP52: 31 | BQ52: 32 | BR52: 36 | BS52: 30 | BT52: 10 | BU52: 12 | BV52: 15 | BW52: 28 | BX52: 15 | BY52: 12 | BZ52: 13 | CA52: 26 | CB52: 56 | CC52: 49 | CD52: 53 | CE52: 47 | CF52: 45 | CG52: 50 | CH52: 62 | CI52: 103 | CJ52: 148 | CK52: 133
A53: =RIGHT(B53,5) -> V3X2 | B53: SEX TONICS & STIMULANTS | V3X2 | C53: NEO MT | D53: DIAL PHARMACEUTICALS PVT. LTD. | E53: NEO MT TABLET 6 | F53: 50 | G53: 0.005813117 | H53: 0.008404846 | I53: 0.009060604 | J53: 0.013801536 | K53: 0.017505 | L53: 1.306 | M53: 1.961 | N53: 2.114 | O53: 2.814 | P53: 3.501 | R53: 6471.86 | S53: 4757.46 | T53: 4757.46 | U53: 8400.56 | V53: 5057.48 | W53: 3171.64 | X53: 7971.96 | Y53: 19929.9 | Z53: 5357.5 | AA53: 3600.24 | AB53: 11957.94 | AC53: 9172.04 | AD53: 16115.36 | AE53: 11550 | AF53: 11450 | AG53: 9350 | AH53: 6250 | AI53: 3650 | AJ53: 13850 | AK53: 15900 | AL53: 20050 | AM53: 13300 | AN53: 5750 | AO53: 10800 | AP53: 18300 | AQ53: 21350 | AR53: 15150 | AS53: 9250 | AT53: 6300 | AU53: 12700 | AV53: 18000 | AW53: 11500 | AX53: 19600 | AY53: 8900 | AZ53: 11150 | BA53: 22850 | BB53: 151 | BC53: 111 | BD53: 111 | BE53: 196 | BF53: 118 | BG53: 74 | BH53: 186 | BI53: 465 | BJ53: 125 | BK53: 84 | BL53: 279 | BM53: 214 | BN53: 376 | BO53: 231 | BP53: 229 | BQ53: 187 | BR53: 125 | BS53: 73 | BT53: 277 | BU53: 318 | BV53: 401 | BW53: 266 | BX53: 115 | BY53: 216 | BZ53: 366 | CA53: 427 | CB53: 303 | CC53: 185 | CD53: 126 | CE53: 254 | CF53: 360 | CG53: 230 | CH53: 392 | CI53: 178 | CJ53: 223 | CK53: 457
A54: =RIGHT(B54,5) -> V3X2 | B54: SEX TONICS & STIMULANTS | V3X2 | C54: EROTICAN | D54: SANAT PRODUCTS LTD | E54: EROTICAN CAPSULE 10 | F54: 167.41 | G54: 0 | H54: 0 | I54: 0.099341094 | J54: 0.038654969 | K54: 0.013476505 | L54: 0 | M54: 0 | N54: 5.934 | O54: 2.309 | P54: 0.805 | R54: 52064.51 | S54: 78180.47 | T54: 158537.27 | U54: 98102.26 | V54: 62109.11 | W54: 82867.95 | X54: 85211.69 | Y54: 89396.94 | Z54: 81863.49 | AA54: 97265.21 | AB54: 50557.82 | AC54: 57254.22 | AD54: 60267.6 | AE54: 79184.93 | AF54: 55914.94 | AG54: 47042.21 | AH54: 46707.39 | AI54: 25613.73 | AJ54: 30133.8 | AK54: 13895.03 | AL54: 7700.86 | AM54: 7868.27 | AN54: 6194.17 | AO54: 6026.76 | AP54: 7198.63 | AQ54: 3013.38 | AR54: 3348.2 | AS54: 2845.97 | AT54: 3348.2 | AU54: 15234.31 | AV54: 14397.26 | AW54: 13057.98 | AX54: 15234.31 | AY54: 14229.85 | AZ54: 20256.61 | BA54: 22600.35 | BB54: 311 | BC54: 467 | BD54: 947 | BE54: 586 | BF54: 371 | BG54: 495 | BH54: 509 | BI54: 534 | BJ54: 489 | BK54: 581 | BL54: 302 | BM54: 342 | BN54: 360 | BO54: 473 | BP54: 334 | BQ54: 281 | BR54: 279 | BS54: 153 | BT54: 180 | BU54: 83 | BV54: 46 | BW54: 47 | BX54: 37 | BY54: 36 | BZ54: 43 | CA54: 18 | CB54: 20 | CC54: 17 | CD54: 20 | CE54: 91 | CF54: 86 | CG54: 78 | CH54: 91 | CI54: 85 | CJ54: 121 | CK54: 135
A55: =RIGHT(B55,5) -> V3X2 | B55: SEX TONICS & STIMULANTS | V3X2 | C55: EVACTIVE | D55: RPG LIFE SCIENCES LTD. | E55: EVACTIVE TABLET 10 | F55: s | G55: 0.2062277 | H55: 0.043828704 | I55: 0.000599984 | J55: 0 | K55: 0.0125716 | L55: 18.462 | M55: 4.071 | N55: 0.056 | O55: 0 | P55: 0.4 | R55: 0 | S55: 0 | T55: 0 | U55: 1499.96 | V55: 1392.82 | W55: 1499.96 | X55: 1607.1 | Y55: 0 | Z55: 0 | AA55: 0 | AB55: 0 | AC55: 0 | AD55: 0 | AE55: 0 | AF55: 0 | AG55: 0 | AH55: 0 | AI55: 0 | AJ55: 0 | AK55: 0 | AL55: 0 | AM55: 0 | AN55: 0 | AO55: 0 | AP55: 0 | AQ55: 0 | AR55: 0 | AS55: 0 | AT55: 0 | AU55: 0 | AV55: 0 | AW55: 314.29 | AX55: 16971.66 | AY55: 17914.53 | AZ55: 9428.7 | BA55: 81086.82 | BB55: 0 | BC55: 0 | BD55: 0 | BE55: 14 | BF55: 13 | BG55: 14 | BH55: 15 | BI55: 0 | BJ55: 0 | BK55: 0 | BL55: 0 | BM55: 0 | BN55: 0 | BO55: 0 | BP55: 0 | BQ55: 0 | BR55: 0 | BS55: 0 | BT55: 0 | BU55: 0 | BV55: 0 | BW55: 0 | BX55: 0 | BY55: 0 | BZ55: 0 | CA55: 0 | CB55: 0 | CC55: 0 | CD55: 0 | CE55: 0 | CF55: 0 | CG55: 1 | CH55: 54 | CI55: 57 | CJ55: 30 | CK55: 258
A56: =RIGHT(B56,5) -> V3X2 | B56: SEX TONICS & STIMULANTS | V3X2 | C56: AJAR | D56: CONCEPT PHARMACEUTICALS LTD | E56: AJAR CAPSULE 10 | F56: 64.29 | G56: 0.012052821 | H56: 0.016462061 | I56: 0.008121212 | J56: 0.000668556 | K56: 0.005192467 | L56: 2.147 | M56: 3.073 | N56: 1.516 | O56: 0.124 | P56: 0.815 | R56: 13071.08 | S56: 9964.02 | T56: 7017.67 | U56: 6160.55 | V56: 10660.43 | W56: 4339.17 | X56: 5035.58 | Y56: 5035.58 | Z56: 5249.86 | AA56: 7446.23 | AB56: 7231.95 | AC56: 0 | AD56: 107.14 | AE56: 1017.83 | AF56: 964.26 | AG56: 1017.83 | AH56: 1178.54 | AI56: 214.28 | AJ56: 214.28 | AK56: 214.28 | AL56: 257.16 | AM56: 0 | AN56: 0 | AO56: 1499.96 | AP56: 4307.43 | AQ56: 2357.08 | AR56: 2700.18 | AS56: 4178.85 | AT56: 5143.2 | AU56: 10993.59 | AV56: 10222.11 | AW56: 3150.21 | AX56: 1350.09 | AY56: 2121.57 | AZ56: 3343.08 | BA56: 2057.28 | BB56: 244 | BC56: 186 | BD56: 131 | BE56: 115 | BF56: 199 | BG56: 81 | BH56: 94 | BI56: 94 | BJ56: 98 | BK56: 139 | BL56: 135 | BM56: 0 | BN56: 2 | BO56: 19 | BP56: 18 | BQ56: 19 | BR56: 22 | BS56: 4 | BT56: 4 | BU56: 4 | BV56: 4 | BW56: 0 | BX56: 0 | BY56: 28 | BZ56: 67 | CA56: 44 | CB56: 42 | CC56: 65 | CD56: 80 | CE56: 171 | CF56: 159 | CG56: 49 | CH56: 21 | CI56: 33 | CJ56: 52 | CK56: 32
A57: =RIGHT(B57,5) -> V3X2 | B57: SEX TONICS & STIMULANTS | V3X2 | C57: UNILACT | D57: UNI LABS | E57: UNILACT GRANULES 200 GM | F57: 130 | G57: 0.00561161 | H57: 0.007657 | I57: 0.00026 | J57: 0 | K57: 0 | L57: 0.432 | M57: 0.589 | N57: 0.02 | O57: 0 | P57: 0 | R57: 2600 | S57: 0 | T57: 0 | U57: 0 | V57: 0 | W57: 0 | X57: 0 | Y57: 0 | Z57: 0 | AA57: 0 | AB57: 0 | AC57: 0 | AD57: 0 | AE57: 0 | AF57: 0 | AG57: 0 | AH57: 0 | AI57: 0 | AJ57: 0 | AK57: 0 | AL57: 0 | AM57: 0 | AN57: 0 | AO57: 0 | AP57: 0 | AQ57: 0 | AR57: 0 | AS57: 0 | AT57: 0 | AU57: 0 | AV57: 0 | AW57: 0 | AX57: 0 | AY57: 0 | AZ57: 0 | BA57: 0 | BB57: 20 | BC57: 0 | BD57: 0 | BE57: 0 | BF57: 0 | BG57: 0 | BH57: 0 | BI57: 0 | BJ57: 0 | BK57: 0 | BL57: 0 | BM57: 0 | BN57: 0 | BO57: 0 | BP57: 0 | BQ57: 0 | BR57: 0 | BS57: 0 | BT57: 0 | BU57: 0 | BV57: 0 | BW57: 0 | BX57: 0 | BY57: 0 | BZ57: 0 | CA57: 0 | CB57: 0 | CC57: 0 | CD57: 0 | CE57: 0 | CF57: 0 | CG57: 0 | CH57: 0 | CI57: 0 | CJ57: 0 | CK57: 0
A58: =RIGHT(B58,5) -> V3X2 | B58: SEX TONICS & STIMULANTS | V3X2 | C58: =C57 -> UNILACT | D58: =D57 -> UNI LABS | E58: UNILACT TABLET 10 | F58: 60 | G58: 0.021853413 | H58: 0.0212269 | I58: 0.0227621 | J58: 0.0169764 | K58: 0.0044594 | L58: 5.791 | M58: 5.587 | N58: 4.843 | O58: 3.612 | P58: 0.852 | R58: 40467 | S58: 24158 | T58: 25474 | U58: 23312 | V58: 24393 | W58: 10763 | X58: 13489 | Y58: 10669 | Z58: 11421 | AA58: 12079 | AB58: 15604 | AC58: 15792 | AD58: 14852 | AE58: 12737 | AF58: 12925 | AG58: 12549 | AH58: 20445 | AI58: 19223 | AJ58: 18753 | AK58: 13630 | AL58: 10340 | AM58: 11186 | AN58: 10857 | AO58: 12267 | AP58: 11421 | AQ58: 10763 | AR58: 1410 | AS58: 2100 | AT58: 1980 | AU58: 1500 | AV58: 1020 | AW58: 840 | AX58: 2820 | AY58: 4020 | AZ58: 4920 | BA58: 1800 | BB58: 861 | BC58: 514 | BD58: 542 | BE58: 496 | BF58: 519 | BG58: 229 | BH58: 287 | BI58: 227 | BJ58: 243 | BK58: 257 | BL58: 332 | BM58: 336 | BN58: 316 | BO58: 271 | BP58: 275 | BQ58: 267 | BR58: 435 | BS58: 409 | BT58: 399 | BU58: 290 | BV58: 220 | BW58: 238 | BX58: 231 | BY58: 261 | BZ58: 243 | CA58: 229 | CB58: 30 | CC58: 35 | CD58: 33 | CE58: 25 | CF58: 17 | CG58: 14 | CH58: 47 | CI58: 67 | CJ58: 82 | CK58: 30
A59: =RIGHT(B59,5) -> V3X2 | B59: SEX TONICS & STIMULANTS | V3X2 | C59: =C58 -> UNILACT | D59: =D58 -> UNI LABS | E59: UNILACT TABLET 30 | F59: 115.86 | G59: 0 | H59: 0 | I59: 0 | J59: 0 | K59: 0 | L59: 0 | M59: 0 | N59: 0 | O59: 0 | P59: 0 | R59: 0 | S59: 0 | T59: 0 | U59: 0 | V59: 0 | W59: 0 | X59: 0 | Y59: 0 | Z59: 0 | AA59: 0 | AB59: 0 | AC59: 0 | AD59: 0 | AE59: 0 | AF59: 0 | AG59: 0 | AH59: 0 | AI59: 0 | AJ59: 0 | AK59: 0 | AL59: 0 | AM59: 0 | AN59: 0 | AO59: 0 | AP59: 0 | AQ59: 0 | AR59: 0 | AS59: 0 | AT59: 0 | AU59: 0 | AV59: 0 | AW59: 0 | AX59: 0 | AY59: 0 | AZ59: 0 | BA59: 0 | BB59: 0 | BC59: 0 | BD59: 0 | BE59: 0 | BF59: 0 | BG59: 0 | BH59: 0 | BI59: 0 | BJ59: 0 | BK59: 0 | BL59: 0 | BM59: 0 | BN59: 0 | BO59: 0 | BP59: 0 | BQ59: 0 | BR59: 0 | BS59: 0 | BT59: 0 | BU59: 0 | BV59: 0 | BW59: 0 | BX59: 0 | BY59: 0 | BZ59: 0 | CA59: 0 | CB59: 0 | CC59: 0 | CD59: 0 | CE59: 0 | CF59: 0 | CG59: 0 | CH59: 0 | CI59: 0 | CJ59: 0 | CK59: 0
A60: =RIGHT(B60,5) -> V3X2 | B60: SEX TONICS & STIMULANTS | V3X2 | C60: BIG BOSS PLUS | D60: TTK HEALTHCARE LTD | E60: BIG BOSS PLUS TABLET 10 | F60: 50 | G60: 0 | H60: 0.00875 | I60: 0.00423 | J60: 0.00591 | K60: 0.00336 | L60: 0 | M60: 1.75 | N60: 0.846 | O60: 1.182 | P60: 0.672 | R60: 5050 | S60: 2350 | T60: 1800 | U60: 0 | V60: 0 | W60: 5500 | X60: 6350 | Y60: 9500 | Z60: 5200 | AA60: 6350 | AB60: 0 | AC60: 200 | AD60: 15850 | AE60: 6600 | AF60: 6050 | AG60: 6500 | AH60: 5800 | AI60: 2050 | AJ60: 0 | AK60: 50 | AL60: 6000 | AM60: 3800 | AN60: 3500 | AO60: 2900 | AP60: 1750 | AQ60: 1800 | AR60: 0 | AS60: 0 | AT60: 0 | AU60: 0 | AV60: 50 | AW60: 2700 | AX60: 13250 | AY60: 13600 | AZ60: 450 | BA60: 0 | BB60: 101 | BC60: 47 | BD60: 36 | BE60: 0 | BF60: 0 | BG60: 110 | BH60: 127 | BI60: 190 | BJ60: 104 | BK60: 127 | BL60: 0 | BM60: 4 | BN60: 317 | BO60: 132 | BP60: 121 | BQ60: 130 | BR60: 116 | BS60: 41 | BT60: 0 | BU60: 1 | BV60: 120 | BW60: 76 | BX60: 70 | BY60: 58 | BZ60: 35 | CA60: 36 | CB60: 0 | CC60: 0 | CD60: 0 | CE60: 0 | CF60: 1 | CG60: 54 | CH60: 265 | CI60: 272 | CJ60: 9 | CK60: 0
A61: =RIGHT(B61,5) -> V3X2 | B61: SEX TONICS & STIMULANTS | V3X2 | C61: MANIX | D61: WOCKHARDT LTD | E61: MANIX CAPSULE 10 | F61: 134.29 | G61: 0.73544635 | H61: 0.68580746 | I61: 0.41342519 | J61: 0.18460846 | K61: 1.3429e-05 | L61: 58.073 | M61: 53.539 | N61: 30.786 | O61: 13.747 | P61: 0.001 | R61: 421804.89 | S61: 477803.82 | T61: 533265.59 | U61: 373997.65 | V61: 366343.12 | W61: 270325.77 | X61: 293692.23 | Y61: 292215.04 | Z61: 264148.43 | AA61: 232321.7 | AB61: 322564.58 | AC61: 285769.12 | AD61: 280531.81 | AE61: 317595.85 | AF61: 222921.4 | AG61: 170682.59 | AH61: 170816.88 | AI61: 150539.09 | AJ61: 161148 | AK61: 142750.27 | AL61: 124755.41 | AM61: 103269.01 | AN61: 1074.32 | AO61: 0 | AP61: 0 | AQ61: 0 | AR61: 134.29 | AS61: 0 | AT61: 0 | AU61: 0 | AV61: 0 | AW61: 0 | AX61: 0 | AY61: 0 | AZ61: 0 | BA61: 0 | BB61: 3141 | BC61: 3558 | BD61: 3971 | BE61: 2785 | BF61: 2728 | BG61: 2013 | BH61: 2187 | BI61: 2176 | BJ61: 1967 | BK61: 1730 | BL61: 2402 | BM61: 2128 | BN61: 2089 | BO61: 2365 | BP61: 1660 | BQ61: 1271 | BR61: 1272 | BS61: 1121 | BT61: 1200 | BU61: 1063 | BV61: 929 | BW61: 769 | BX61: 8 | BY61: 0 | BZ61: 0 | CA61: 0 | CB61: 1 | CC61: 0 | CD61: 0 | CE61: 0 | CF61: 0 | CG61: 0 | CH61: 0 | CI61: 0 | CJ61: 0 | CK61: 0
A62: =RIGHT(B62,5) -> V3X2 | B62: SEX TONICS & STIMULANTS | V3X2 | C62: COMMANDO | D62: NEON LABORATORIES LTD | E62: COMMANDO CREAM 1 GM | F62: 145 | G62: 0.0222865 | H62: 0.023084 | I62: 0.0313345 | J62: 0.0073225 | K62: 0 | L62: 1.537 | M62: 1.592 | N62: 2.161 | O62: 0.505 | P62: 0 | R62: 20155 | S62: 105125 | T62: 45965 | U62: 56260 | V62: 59015 | W62: 10585 | X62: 0 | Y62: 145 | Z62: 3190 | AA62: 3190 | AB62: 4205 | AC62: 5510 | AD62: 6380 | AE62: 6815 | AF62: 7250 | AG62: 6960 | AH62: 9135 | AI62: 9135 | AJ62: 7685 | AK62: 8990 | AL62: 10875 | AM62: 0 | AN62: 0 | AO62: 0 | AP62: 0 | AQ62: 0 | AR62: 0 | AS62: 0 | AT62: 0 | AU62: 0 | AV62: 0 | AW62: 0 | AX62: 0 | AY62: 0 | AZ62: 0 | BA62: 0 | BB62: 139 | BC62: 725 | BD62: 317 | BE62: 388 | BF62: 407 | BG62: 73 | BH62: 0 | BI62: 1 | BJ62: 22 | BK62: 22 | BL62: 29 | BM62: 38 | BN62: 44 | BO62: 47 | BP62: 50 | BQ62: 48 | BR62: 63 | BS62: 63 | BT62: 53 | BU62: 62 | BV62: 75 | BW62: 0 | BX62: 0 | BY62: 0 | BZ62: 0 | CA62: 0 | CB62: 0 | CC62: 0 | CD62: 0 | CE62: 0 | CF62: 0 | CG62: 0 | CH62: 0 | CI62: 0 | CJ62: 0 | CK62: 0
A63: =RIGHT(B63,5) -> V3X2 | B63: SEX TONICS & STIMULANTS | V3X2 | C63: SEDUZ | D63: PHARMED LTD | E63: SEDUZ CAPSULE 10 | F63: 110.54 | G63: 0.045335025 | H63: 0.000232134 | I63: 0 | J63: 0 | K63: 0 | L63: 4.092 | M63: 0.021 | N63: 0 | O63: 0 | P63: 0 | R63: 0 | S63: 0 | T63: 0 | U63: 0 | V63: 0 | W63: 0 | X63: 0 | Y63: 0 | Z63: 0 | AA63: 0 | AB63: 0 | AC63: 0 | AD63: 0 | AE63: 0 | AF63: 0 | AG63: 0 | AH63: 0 | AI63: 0 | AJ63: 0 | AK63: 0 | AL63: 0 | AM63: 0 | AN63: 0 | AO63: 0 | AP63: 0 | AQ63: 0 | AR63: 0 | AS63: 0 | AT63: 0 | AU63: 0 | AV63: 0 | AW63: 0 | AX63: 0 | AY63: 0 | AZ63: 0 | BA63: 0 | BB63: 0 | BC63: 0 | BD63: 0 | BE63: 0 | BF63: 0 | BG63: 0 | BH63: 0 | BI63: 0 | BJ63: 0 | BK63: 0 | BL63: 0 | BM63: 0 | BN63: 0 | BO63: 0 | BP63: 0 | BQ63: 0 | BR63: 0 | BS63: 0 | BT63: 0 | BU63: 0 | BV63: 0 | BW63: 0 | BX63: 0 | BY63: 0 | BZ63: 0 | CA63: 0 | CB63: 0 | CC63: 0 | CD63: 0 | CE63: 0 | CF63: 0 | CG63: 0 | CH63: 0 | CI63: 0 | CJ63: 0 | CK63: 0
A64: =RIGHT(B64,5) -> V3X2 | B64: SEX TONICS & STIMULANTS | V3X2 | C64: ATTOM | D64: SYNCOM FORMULATIONS (I) LIMITED | E64: ATTOM CAPSULE 10 | F64: 75 | G64: 0.035865 | H64: 0.00975 | I64: 0.01242 | J64: 0.0006225 | K64: 0 | L64: 4.782 | M64: 1.3 | N64: 1.656 | O64: 0.083 | P64: 0 | R64: 5175 | S64: 25200 | T64: 21525 | U64: 14850 | V64: 15000 | W64: 12825 | X64: 12750 | Y64: 8025 | Z64: 7275 | AA64: 0 | AB64: 0 | AC64: 1575 | AD64: 0 | AE64: 2250 | AF64: 1275 | AG64: 2700 | AH64: 0 | AI64: 0 | AJ64: 0 | AK64: 0 | AL64: 0 | AM64: 0 | AN64: 0 | AO64: 0 | AP64: 0 | AQ64: 0 | AR64: 0 | AS64: 0 | AT64: 0 | AU64: 0 | AV64: 0 | AW64: 0 | AX64: 0 | AY64: 0 | AZ64: 0 | BA64: 0 | BB64: 69 | BC64: 336 | BD64: 287 | BE64: 198 | BF64: 200 | BG64: 171 | BH64: 170 | BI64: 107 | BJ64: 97 | BK64: 0 | BL64: 0 | BM64: 21 | BN64: 0 | BO64: 30 | BP64: 17 | BQ64: 36 | BR64: 0 | BS64: 0 | BT64: 0 | BU64: 0 | BV64: 0 | BW64: 0 | BX64: 0 | BY64: 0 | BZ64: 0 | CA64: 0 | CB64: 0 | CC64: 0 | CD64: 0 | CE64: 0 | CF64: 0 | CG64: 0 | CH64: 0 | CI64: 0 | CJ64: 0 | CK64: 0
A65: =RIGHT(B65,5) -> V3X2 | B65: SEX TONICS & STIMULANTS | V3X2 | C65: =C64 -> ATTOM | D65: =D64 -> SYNCOM FORMULATIONS (I) LIMITED | E65: ATTOM OIL 15 ML | F65: 268.4 | G65: 0.01178276 | H65: 0.00968924 | I65: 0.00775676 | J65: 0.0010736 | K65: 0 | L65: 0.439 | M65: 0.361 | N65: 0.289 | O65: 0.04 | P65: 0 | R65: 37576 | S65: 37576 | T65: 0 | U65: 0 | V65: 0 | W65: 268.4 | X65: 0 | Y65: 268.4 | Z65: 1878.8 | AA65: 0 | AB65: 0 | AC65: 0 | AD65: 536.8 | AE65: 4294.4 | AF65: 4294.4 | AG65: 0 | AH65: 0 | AI65: 0 | AJ65: 0 | AK65: 1610.4 | AL65: 0 | AM65: 0 | AN65: 0 | AO65: 0 | AP65: 0 | AQ65: 0 | AR65: 0 | AS65: 0 | AT65: 0 | AU65: 0 | AV65: 0 | AW65: 0 | AX65: 0 | AY65: 0 | AZ65: 0 | BA65: 0 | BB65: 140 | BC65: 140 | BD65: 0 | BE65: 0 | BF65: 0 | BG65: 1 | BH65: 0 | BI65: 1 | BJ65: 7 | BK65: 0 | BL65: 0 | BM65: 0 | BN65: 2 | BO65: 16 | BP65: 16 | BQ65: 0 | BR65: 0 | BS65: 0 | BT65: 0 | BU65: 6 | BV65: 0 | BW65: 0 | BX65: 0 | BY65: 0 | BZ65: 0 | CA65: 0 | CB65: 0 | CC65: 0 | CD65: 0 | CE65: 0 | CF65: 0 | CG65: 0 | CH65: 0 | CI65: 0 | CJ65: 0 | CK65: 0
A66: =RIGHT(B66,5) -> V3X2 | B66: SEX TONICS & STIMULANTS | V3X2 | C66: IGNITOR | D66: ZYDUS CADILA - ZHL | E66: IGNITOR TABLET 10 | F66: 201.92 | G66: 0.17274256 | H66: 0 | I66: 0 | J66: 0 | K66: 0 | L66: 8.555 | M66: 0 | N66: 0 | O66: 0 | P66: 0 | R66: 0 | S66: 0 | T66: 0 | U66: 0 | V66: 0 | W66: 0 | X66: 0 | Y66: 0 | Z66: 0 | AA66: 0 | AB66: 0 | AC66: 0 | AD66: 0 | AE66: 0 | AF66: 0 | AG66: 0 | AH66: 0 | AI66: 0 | AJ66: 0 | AK66: 0 | AL66: 0 | AM66: 0 | AN66: 0 | AO66: 0 | AP66: 0 | AQ66: 0 | AR66: 0 | AS66: 0 | AT66: 0 | AU66: 0 | AV66: 0 | AW66: 0 | AX66: 0 | AY66: 0 | AZ66: 0 | BA66: 0 | BB66: 0 | BC66: 0 | BD66: 0 | BE66: 0 | BF66: 0 | BG66: 0 | BH66: 0 | BI66: 0 | BJ66: 0 | BK66: 0 | BL66: 0 | BM66: 0 | BN66: 0 | BO66: 0 | BP66: 0 | BQ66: 0 | BR66: 0 | BS66: 0 | BT66: 0 | BU66: 0 | BV66: 0 | BW66: 0 | BX66: 0 | BY66: 0 | BZ66: 0 | CA66: 0 | CB66: 0 | CC66: 0 | CD66: 0 | CE66: 0 | CF66: 0 | CG66: 0 | CH66: 0 | CI66: 0 | CJ66: 0 | CK66: 0
A67: =RIGHT(B67,5)
A68: =RIGHT(B68,5)
A69: =RIGHT(B69,5)
A70: =RIGHT(B70,5)
A71: =RIGHT(B71,5)
A72: =RIGHT(B72,5)
A73: =RIGHT(B73,5)
A74: =RIGHT(B74,5)
A75: =RIGHT(B75,5)
A76: =RIGHT(B76,5)
A77: =RIGHT(B77,5)
A78: =RIGHT(B78,5)
... A500: =RIGHT(B500,5)

Sheet Tools
A1: Doctor List | B1: India
A2: Cardiologist
A3: Endocrinologist | B3: 8500
A4: Physician
A5: GP | B5: 50000
A6: CP | B6: 41000
A7: Gastroenterologist
A8: Chest Physician | B8: 6000
A9: Internal Medicine | B9: 60000
A10: Emergency Medicine
A11: Pulmonologist | B11: 4000
A12: ENT | B12: 6000
A13: Geriatrician
A14: Urologist | B14: 5200
A15: Pathology
A16: Neurologist
A17: Psychiatrist
A18: Dermatologist | B18: 4500
A19: Nephrologist
A20: Infectious disease
A21: Rheumatologist | B21: 1400
A22: Surgeon
A23: Oncologist | B23: 1396
A24: Gynecologist | B24: 37000
A25: Pediatrician | B25: 12000
A26: Allergist | B26: 285
A27: Otolaryngologist
A28: Orthopaedist | B28: 17000
A29: Anesthesiology

Sheet Sheet1
A1: Long term growth potential
A2: Industry size
A3: Industry profitability
A4: Entry/Exit barriers
A5: Supplier or buyer market
